compound,conc,mean_viability,p_value,significant_drop
5-fluorouracil,0.003,66.4,0.23272283272283273,False
5-fluorouracil,0.01,188.3,0.9965323565323565,False
5-fluorouracil,0.03,199.0,0.9994139194139194,False
5-fluorouracil,0.1,183.8,0.994778816114142,False
5-fluorouracil,0.3,164.1,0.9835914454270104,False
5-fluorouracil,1.0,88.2,0.38788766788766793,False
5-fluorouracil,3.0,111.7,0.7263980463980464,False
5-fluorouracil,10.0,127.1,0.8544078144078144,False
AG-1478,0.003,89.3,0.3228889675447283,False
AG-1478,0.01,95.9,0.526176617071184,False
AG-1478,0.03,141.5,0.8939078835584362,False
AG-1478,0.1,154.7,0.9368986568986569,False
AG-1478,0.3,114.3,0.7263980463980464,False
AG-1478,1.0,156.8,0.9748473748473749,False
AG-1478,3.0,140.2,0.9257104291713647,False
AG-1478,10.0,141.6,0.917948717948718,False
anisomycin,0.003,93.7,0.5377777777777778,False
anisomycin,0.01,105.9,0.5875946275946275,False
anisomycin,0.03,114.0,0.6596336996336997,False
anisomycin,0.1,102.3,0.5628815628815628,False
anisomycin,0.3,50.6,0.09284493284493284,False
anisomycin,1.0,32.1,0.016408554572989644,False
anisomycin,3.0,31.9,0.015123045051877431,False
anisomycin,10.0,32.6,0.009043328726761063,True
indirubin monoxime,0.003,50.4,0.057525249700373975,False
indirubin monoxime,0.01,119.7,0.8048351648351648,False
indirubin monoxime,0.03,106.1,0.636043956043956,False
indirubin monoxime,0.1,89.9,0.46222222222222226,False
indirubin monoxime,0.3,144.9,0.9451526251526252,False
indirubin monoxime,1.0,147.5,0.9451526251526252,False
indirubin monoxime,3.0,107.3,0.6531995916278798,False
indirubin monoxime,10.0,70.7,0.21343101343101345,False
olomoucine,0.003,83.3,0.38788766788766793,False
olomoucine,0.01,118.5,0.6824908424908425,False
olomoucine,0.03,100.1,0.5377777777777778,False
olomoucine,0.1,141.3,0.8826862026862027,False
olomoucine,0.3,116.6,0.7048595848595849,False
olomoucine,1.0,90.6,0.44775934366808956,False
olomoucine,3.0,94.8,0.46222222222222226,False
olomoucine,10.0,143.7,0.9368986568986569,False
tunicamycin,0.015,57.4,0.14672226585392262,False
tunicamycin,0.05,134.2,0.7672771672771673,False
tunicamycin,0.15,160.1,0.9748473748473749,False
tunicamycin,0.5,139.6,0.917948717948718,False
tunicamycin,1.5,136.1,0.9071550671550672,False
tunicamycin,5.0,98.8,0.5628815628815628,False
tunicamycin,15.0,112.9,0.7473015873015872,False
tunicamycin,50.0,3.2,0.0009074696337939596,True
