TableNumber,ImageNumber,Image_FileName_DAPI,Image_PathName_DAPI,Image_FileName_Tubulin,Image_PathName_Tubulin,Image_FileName_Actin,Image_PathName_Actin,Image_Metadata_Plate_DAPI,Image_Metadata_Well_DAPI,Replicate,Image_Metadata_Compound,Image_Metadata_Concentration,cell_count,mean_area,viability
4,233,G10_s1_w1BEDC2073-A983-4B98-95E9-84466707A25D.tif,Week4/Week4_27481,G10_s1_w2DCEC82F3-05F7-4F2F-B779-C5DF9698141E.tif,Week4/Week4_27481,G10_s1_w43CD51CBC-2370-471F-BA01-EE250B14B3C8.tif,Week4/Week4_27481,Week4_27481,G10,1,5-fluorouracil,0.003,115,734.4260869565218,72.70811380400421
4,234,G10_s2_w11C3B9BCC-E48F-4C2F-9D31-8F46D8B5B972.tif,Week4/Week4_27481,G10_s2_w2570437EF-C8DC-4074-8D63-7FA3A7271FEE.tif,Week4/Week4_27481,G10_s2_w400B21F33-BDAB-4363-92C2-F4FB7545F08C.tif,Week4/Week4_27481,Week4_27481,G10,1,5-fluorouracil,0.003,62,728.258064516129,39.199157007376186
4,235,G10_s3_w1F4FCE330-C71C-4CA3-9815-EAF9B9876EB5.tif,Week4/Week4_27481,G10_s3_w2194A9AC7-369B-4D84-99C0-DA809B0042B8.tif,Week4/Week4_27481,G10_s3_w4E0452054-9FC1-41AB-8C5B-D0ACD058991F.tif,Week4/Week4_27481,Week4_27481,G10,1,5-fluorouracil,0.003,114,762.2105263157895,72.07586933614331
4,236,G10_s4_w1747818B4-FFA7-40EE-B0A0-6A5974AF2644.tif,Week4/Week4_27481,G10_s4_w298D4652F-B5BF-49F2-BE51-8149DF83EAFD.tif,Week4/Week4_27481,G10_s4_w42648D36D-6B77-41CD-B520-6E4C533D9ABC.tif,Week4/Week4_27481,Week4_27481,G10,1,5-fluorouracil,0.003,129,753.2403100775193,81.5595363540569
4,231,G09_s3_w1A2AA807B-0ABF-4715-812A-0AA17E329CD6.tif,Week4/Week4_27481,G09_s3_w2C65E8F98-6CAA-40C7-8902-7B4437FE8B9B.tif,Week4/Week4_27481,G09_s3_w48F9EBC46-0689-4E13-912C-46D60A32B5ED.tif,Week4/Week4_27481,Week4_27481,G09,1,5-fluorouracil,0.01,345,770.7072463768116,218.12434141201265
4,232,G09_s4_w157C4A0B7-0533-4C0D-A761-082309C13509.tif,Week4/Week4_27481,G09_s4_w2100A7AFF-8039-4E9A-9EFF-CA65207EEB0E.tif,Week4/Week4_27481,G09_s4_w4D1F81D97-2224-4DEF-AFAF-219A7848350F.tif,Week4/Week4_27481,Week4_27481,G09,1,5-fluorouracil,0.01,319,787.3260188087775,201.6859852476291
4,229,G09_s1_w1749C1499-6282-47C4-903A-C811F35CBB2D.tif,Week4/Week4_27481,G09_s1_w21FEEDBAE-5C27-49CA-A300-AF5720B60A03.tif,Week4/Week4_27481,G09_s1_w4E617B9BC-7D56-420B-85CF-5221A6D8A96B.tif,Week4/Week4_27481,Week4_27481,G09,1,5-fluorouracil,0.01,258,779.5852713178294,163.1190727081138
4,230,G09_s2_w185110702-7F1B-4BA3-948D-9BA107298669.tif,Week4/Week4_27481,G09_s2_w2A408A5DF-777F-4B44-933B-C5E7E4D9CE32.tif,Week4/Week4_27481,G09_s2_w4E5CB5366-C5CE-4D74-906D-CAA407C9595C.tif,Week4/Week4_27481,Week4_27481,G09,1,5-fluorouracil,0.01,269,726.3048327137546,170.07376185458378
4,225,G08_s1_w1843B6806-3451-4064-B2B0-A92727750F5A.tif,Week4/Week4_27481,G08_s1_w22D3B54D8-EFC2-4671-A65A-A2C67795BD60.tif,Week4/Week4_27481,G08_s1_w42451D3E8-7606-49FE-8263-387C0D33171F.tif,Week4/Week4_27481,Week4_27481,G08,1,5-fluorouracil,0.03,307,769.8371335504886,194.09905163329822
4,226,G08_s2_w1091BA3E2-3577-4DB2-94B6-EDDC3CB92851.tif,Week4/Week4_27481,G08_s2_w2A80ED2D7-37B1-41D0-B312-10A53A3E304E.tif,Week4/Week4_27481,G08_s2_w497516F47-5629-4A0C-BCEC-C9E6F00405AB.tif,Week4/Week4_27481,Week4_27481,G08,1,5-fluorouracil,0.03,290,835.9448275862069,183.3508956796628
4,227,G08_s3_w10C839CD0-E430-4F8D-9C4D-46B8E9214D71.tif,Week4/Week4_27481,G08_s3_w26E6D809A-A48B-444A-8EB7-9B6D3B84078C.tif,Week4/Week4_27481,G08_s3_w4C66BCD1E-5592-4E75-B13C-1A5AC8FA907B.tif,Week4/Week4_27481,Week4_27481,G08,1,5-fluorouracil,0.03,324,716.9506172839506,204.84720758693365
4,228,G08_s4_w100084672-D997-4E3A-84A0-0D68D55C899B.tif,Week4/Week4_27481,G08_s4_w22A23EDED-4E0E-4EFA-94C9-1C63A29EFF07.tif,Week4/Week4_27481,G08_s4_w4EC0ABF4D-481B-4FC7-9919-C4507D6B37B1.tif,Week4/Week4_27481,Week4_27481,G08,1,5-fluorouracil,0.03,338,721.4437869822485,213.6986301369863
4,221,G07_s1_w1038FB50C-86D3-431B-8A8C-F72B64584512.tif,Week4/Week4_27481,G07_s1_w25BBEC1B9-2BE1-420C-80D4-BF05B83BC648.tif,Week4/Week4_27481,G07_s1_w4060CAE9B-63BB-4F97-98DB-54CB96677C1A.tif,Week4/Week4_27481,Week4_27481,G07,1,5-fluorouracil,0.1,232,790.1379310344828,146.68071654373026
4,222,G07_s2_w11654CF38-1E91-4607-A72D-560F2B5478D3.tif,Week4/Week4_27481,G07_s2_w2ECB374F0-0539-4D5E-BE97-69834167E6D7.tif,Week4/Week4_27481,G07_s2_w4E16D9480-59CC-4F58-B8F8-41BDFE1E2EB6.tif,Week4/Week4_27481,Week4_27481,G07,1,5-fluorouracil,0.1,300,756.4866666666667,189.67334035827187
4,223,G07_s3_w1EABD8538-F69E-4FCE-8109-87B3074491BD.tif,Week4/Week4_27481,G07_s3_w2B6BAFB13-2F92-4EC4-9FBA-E7B87ABD9D4C.tif,Week4/Week4_27481,G07_s3_w49A299777-AB81-4F6A-AA05-4BC0F79C06A1.tif,Week4/Week4_27481,Week4_27481,G07,1,5-fluorouracil,0.1,324,809.9382716049382,204.84720758693365
4,224,G07_s4_w12EF99417-0810-4257-83BD-0ED347F63569.tif,Week4/Week4_27481,G07_s4_w2E3BD7F2E-33F7-47A6-B5FD-4B01ABAB88CF.tif,Week4/Week4_27481,G07_s4_w42A7D6777-4A55-4AC2-989D-86BE20D2FA27.tif,Week4/Week4_27481,Week4_27481,G07,1,5-fluorouracil,0.1,307,750.4462540716612,194.09905163329822
4,217,G06_s1_w1CC3A7512-2478-400C-A990-59A0D0310B05.tif,Week4/Week4_27481,G06_s1_w271415155-2F2B-48DD-B461-BF6649CE5DB5.tif,Week4/Week4_27481,G06_s1_w4EE1BFE74-435C-4DA1-AA19-80BA44A9E173.tif,Week4/Week4_27481,Week4_27481,G06,1,5-fluorouracil,0.3,239,737.9832635983264,151.1064278187566
4,218,G06_s2_w1C7CB2390-F282-457B-A6E1-CE8103023003.tif,Week4/Week4_27481,G06_s2_w295CD33DA-3AA4-4F80-B169-E705D1134901.tif,Week4/Week4_27481,G06_s2_w459675963-F000-4348-8110-502CC614BBEE.tif,Week4/Week4_27481,Week4_27481,G06,1,5-fluorouracil,0.3,298,803.9194630872483,188.40885142255007
4,219,G06_s3_w1632B46D9-E4E9-4516-9C3D-E2542669713B.tif,Week4/Week4_27481,G06_s3_w20168A9CB-D7CC-48D0-B55B-C63B3E127B8A.tif,Week4/Week4_27481,G06_s3_w4C2324F76-19FB-4BF2-9AAC-070F09FEE279.tif,Week4/Week4_27481,Week4_27481,G06,1,5-fluorouracil,0.3,276,814.75,174.49947312961012
4,220,G06_s4_w12DA8DE67-A8DD-4DA6-8A88-DBB455DE99DB.tif,Week4/Week4_27481,G06_s4_w2B34E3773-D387-48A6-AAD3-E1C08D9486A7.tif,Week4/Week4_27481,G06_s4_w4BE3CD6CE-EFF0-4461-A7A4-80FD179FD26B.tif,Week4/Week4_27481,Week4_27481,G06,1,5-fluorouracil,0.3,225,745.2355555555556,142.2550052687039
4,213,G05_s1_w18B6E3CCF-7416-4747-B458-FF94FFE5CCB7.tif,Week4/Week4_27481,G05_s1_w258E056EE-C9A5-4FD3-97B3-F53AFAD75682.tif,Week4/Week4_27481,G05_s1_w4EC269A2D-7D2D-4F21-8124-4B6E4DE425A9.tif,Week4/Week4_27481,Week4_27481,G05,1,5-fluorouracil,1.0,218,814.8853211009174,137.82929399367757
4,214,G05_s2_w127FAF95D-C19E-4090-9584-A1331EFD721E.tif,Week4/Week4_27481,G05_s2_w2AED85AE6-5DB4-486E-A5BF-B82465B2C678.tif,Week4/Week4_27481,G05_s2_w4FE842CFA-03FC-4B2C-9C93-B731E8B43DAB.tif,Week4/Week4_27481,Week4_27481,G05,1,5-fluorouracil,1.0,6,1136.5,3.7934668071654376
4,215,G05_s3_w1A5934EF4-A825-4BB9-BB9B-3A34AC517672.tif,Week4/Week4_27481,G05_s3_w26DC0ABFE-DC1A-4CDD-9879-7EC4766C0A9A.tif,Week4/Week4_27481,G05_s3_w4B018EEB6-C288-4330-9CFF-DD5AD03B965F.tif,Week4/Week4_27481,Week4_27481,G05,1,5-fluorouracil,1.0,149,810.2416107382551,94.20442571127504
4,216,G05_s4_w1DA5E42AC-D5B7-488C-BB6D-99F3D296C4BC.tif,Week4/Week4_27481,G05_s4_w2D4F1E008-0724-4024-919A-5EEA1971434D.tif,Week4/Week4_27481,G05_s4_w45ED2C34A-659A-4A8B-9D6F-9FADE2EE3122.tif,Week4/Week4_27481,Week4_27481,G05,1,5-fluorouracil,1.0,185,795.6810810810811,116.96522655426766
4,209,G04_s1_w18E5DEBDD-DC33-47C3-B706-19BBE57C58BF.tif,Week4/Week4_27481,G04_s1_w2C3DC8DA8-C4A4-42EE-975A-F588818F31CC.tif,Week4/Week4_27481,G04_s1_w434E0FCFC-590C-4145-99F4-E91E04C21484.tif,Week4/Week4_27481,Week4_27481,G04,1,5-fluorouracil,3.0,231,837.6060606060606,146.04847207586934
4,210,G04_s2_w1F3751293-5985-498E-AE0A-55F3B69DCE47.tif,Week4/Week4_27481,G04_s2_w2459A3FB2-92A6-47DA-A346-826FB9C76188.tif,Week4/Week4_27481,G04_s2_w459CDFD5F-CADD-4D6B-B76E-6E2BF3708A11.tif,Week4/Week4_27481,Week4_27481,G04,1,5-fluorouracil,3.0,212,821.6084905660377,134.03582718651214
4,211,G04_s3_w16ACA04DA-9B0C-42FA-B5F0-5D31141075E5.tif,Week4/Week4_27481,G04_s3_w220642E3D-C499-4F3F-A9C9-7C18A9526BFA.tif,Week4/Week4_27481,G04_s3_w473D99079-F606-42DE-8178-B7299AD556B2.tif,Week4/Week4_27481,Week4_27481,G04,1,5-fluorouracil,3.0,123,749.4878048780488,77.76606954689147
4,212,G04_s4_w14DEDD0D7-ABC8-4E45-8B11-F295956FDAD4.tif,Week4/Week4_27481,G04_s4_w2D9639A20-E67C-44DD-ABA6-BBFCD68C9AEC.tif,Week4/Week4_27481,G04_s4_w4E0F37889-5067-4E34-8106-48FA30B5FFEE.tif,Week4/Week4_27481,Week4_27481,G04,1,5-fluorouracil,3.0,141,814.2907801418439,89.14646996838779
4,205,G03_s1_w1D905CBA0-3ADF-4598-A674-25CB74CFC7E1.tif,Week4/Week4_27481,G03_s1_w2E21E3577-FF69-43A7-9293-0F2A829D16EA.tif,Week4/Week4_27481,G03_s1_w4D9D4C2F0-A557-41D8-8FE5-354DC1297D28.tif,Week4/Week4_27481,Week4_27481,G03,1,5-fluorouracil,10.0,207,862.903381642512,130.8746048472076
4,206,G03_s2_w1C34C7381-0E0D-4DC2-807A-3176F872B89F.tif,Week4/Week4_27481,G03_s2_w27E7401E3-BBCE-4579-B551-446C9416A26E.tif,Week4/Week4_27481,G03_s2_w4DD580BF1-E131-4438-94B2-924A363B884F.tif,Week4/Week4_27481,Week4_27481,G03,1,5-fluorouracil,10.0,197,832.9035532994924,124.55216016859853
4,207,G03_s3_w131038F90-2150-4EC2-91F5-B2ABBC45C94E.tif,Week4/Week4_27481,G03_s3_w21136D34A-9335-42DC-9B83-BB83B55C3901.tif,Week4/Week4_27481,G03_s3_w40A8EFBC5-9FFE-456A-A471-5113080C9FC6.tif,Week4/Week4_27481,Week4_27481,G03,1,5-fluorouracil,10.0,220,818.5818181818182,139.09378292939937
4,208,G03_s4_w1BBB5C7AA-036D-4CDE-980B-311280A812C1.tif,Week4/Week4_27481,G03_s4_w2E1203966-A4BD-4F28-830B-AF4B1BA87352.tif,Week4/Week4_27481,G03_s4_w433253ACA-49E1-4EF2-B4CB-8F6BEE1CD19A.tif,Week4/Week4_27481,Week4_27481,G03,1,5-fluorouracil,10.0,180,907.0944444444444,113.80400421496313
4,73,C10_s1_w1B8F0B561-BC79-4A10-9A73-2FEF2B1587F9.tif,Week4/Week4_27481,C10_s1_w29DB92A61-304B-417D-A457-D5D9928C3051.tif,Week4/Week4_27481,C10_s1_w48EB90BE4-6126-4EC8-94E6-DA815CF06242.tif,Week4/Week4_27481,Week4_27481,C10,1,AG-1478,0.003,61,656.4426229508197,38.56691253951528
4,74,C10_s2_w1ECB549E3-BD2F-43A6-B26B-8E1774213022.tif,Week4/Week4_27481,C10_s2_w25B78CC3F-B672-482B-BEBB-3984CC4E92E0.tif,Week4/Week4_27481,C10_s2_w4957226B1-6F28-439A-BF7E-AB6C984B0364.tif,Week4/Week4_27481,Week4_27481,C10,1,AG-1478,0.003,241,774.5726141078839,152.3709167544784
4,75,C10_s3_w1E602A237-BCED-42F0-AE5F-630BA8519756.tif,Week4/Week4_27481,C10_s3_w2CEEB303E-D899-407D-BA18-B6461FD2426D.tif,Week4/Week4_27481,C10_s3_w4A3B7C14E-774F-4842-8E16-6E9075CA5C4B.tif,Week4/Week4_27481,Week4_27481,C10,1,AG-1478,0.003,69,733.5942028985507,43.62486828240253
4,76,C10_s4_w13DCE59AF-B1CF-41C3-839C-FE424C52BEC4.tif,Week4/Week4_27481,C10_s4_w2F6288B47-587F-4AF4-A3A5-37A1350C939F.tif,Week4/Week4_27481,C10_s4_w4F0DB5C52-7004-4978-B9BC-C8CDBFDE0B5C.tif,Week4/Week4_27481,Week4_27481,C10,1,AG-1478,0.003,194,759.9432989690722,122.65542676501582
4,69,C09_s1_w12752F23B-86A7-4FF4-9C7E-088E1F3BB7BF.tif,Week4/Week4_27481,C09_s1_w22CCA5FA6-D688-4E0F-A6BA-CB4CDFD227C4.tif,Week4/Week4_27481,C09_s1_w4D0EDC9B9-6F40-496A-8D4F-7F185B5997EC.tif,Week4/Week4_27481,Week4_27481,C09,1,AG-1478,0.01,196,719.2704081632653,123.91991570073762
4,70,C09_s2_w1F7CA18A0-D36B-404B-982D-344015F12AEB.tif,Week4/Week4_27481,C09_s2_w28F21E53B-9182-4E60-9CFF-1D0967B62B92.tif,Week4/Week4_27481,C09_s2_w42D2E138C-E8DB-400E-B35C-4EF4577D92C9.tif,Week4/Week4_27481,Week4_27481,C09,1,AG-1478,0.01,97,748.6907216494845,61.32771338250791
4,71,C09_s3_w119060E4D-D41C-45A8-B4B3-1C7538E5F50E.tif,Week4/Week4_27481,C09_s3_w260A349C4-75A8-455A-AEC4-563D8090A697.tif,Week4/Week4_27481,C09_s3_w4549E8D80-98A1-467F-B000-75B8531E2E90.tif,Week4/Week4_27481,Week4_27481,C09,1,AG-1478,0.01,181,817.2154696132596,114.43624868282403
4,72,C09_s4_w1DCBE5789-E473-4A78-9340-A2EB8452E5DE.tif,Week4/Week4_27481,C09_s4_w2FA812A36-80C2-43CB-9A97-42B6E7E4D73C.tif,Week4/Week4_27481,C09_s4_w478441EDF-D3BF-435A-896B-118E8E711113.tif,Week4/Week4_27481,Week4_27481,C09,1,AG-1478,0.01,133,696.5488721804511,84.08851422550053
4,65,C08_s1_w15A1A692A-2363-4D27-9BDE-963E09F93606.tif,Week4/Week4_27481,C08_s1_w210AB7182-F19C-4867-B5E5-42C2AB9F8834.tif,Week4/Week4_27481,C08_s1_w44C660B63-29FE-45DB-96AD-8D3E36DF6179.tif,Week4/Week4_27481,Week4_27481,C08,1,AG-1478,0.03,89,805.7752808988764,56.26975763962066
4,66,C08_s2_w127967CF8-AB6F-441D-8EE5-9B04CDCB9790.tif,Week4/Week4_27481,C08_s2_w21E030333-3704-4804-9D0A-FD2D8AD8B95F.tif,Week4/Week4_27481,C08_s2_w4A3E60261-B2AA-4976-87A4-658948112D18.tif,Week4/Week4_27481,Week4_27481,C08,1,AG-1478,0.03,327,824.7370030581039,206.74394099051634
4,67,C08_s3_w178002598-0913-494A-BB84-0B0243B18DC9.tif,Week4/Week4_27481,C08_s3_w25EBFDC4C-114A-4BD0-AF30-11CF66B4A44B.tif,Week4/Week4_27481,C08_s3_w4E8D7B79D-933A-4F83-A799-8D40A17CF4CE.tif,Week4/Week4_27481,Week4_27481,C08,1,AG-1478,0.03,164,869.9268292682926,103.68809272918863
4,68,C08_s4_w16087F96D-F2F1-483A-834F-508AEE7ABF1B.tif,Week4/Week4_27481,C08_s4_w232B28315-2CE5-42DF-A4F9-384C59D67C55.tif,Week4/Week4_27481,C08_s4_w4A9B377DE-535C-45C5-A8EF-A3349E97E1A9.tif,Week4/Week4_27481,Week4_27481,C08,1,AG-1478,0.03,315,768.4825396825397,199.15700737618548
4,61,C07_s1_w1AB3F53FF-EE4C-462F-B7B3-70840FF2C32C.tif,Week4/Week4_27481,C07_s1_w2AC8BB3DE-1034-4A43-826B-3F7A3FEDE262.tif,Week4/Week4_27481,C07_s1_w44FDEB2DC-66C7-49B6-8F99-849488C42BB5.tif,Week4/Week4_27481,Week4_27481,C07,1,AG-1478,0.1,328,776.6829268292682,207.37618545837725
4,62,C07_s2_w1B0DF651F-D236-461C-ACCF-DCBD90EDCD2D.tif,Week4/Week4_27481,C07_s2_w27A467F47-C8DC-462F-A165-5671C687C9F9.tif,Week4/Week4_27481,C07_s2_w4699C9AA4-8929-41A1-81FD-890827C5F863.tif,Week4/Week4_27481,Week4_27481,C07,1,AG-1478,0.1,281,772.3345195729537,177.66069546891464
4,63,C07_s3_w1926ED3E6-C4A8-4865-94EC-E35E3DE6293E.tif,Week4/Week4_27481,C07_s3_w2E694611B-CB0E-44F1-A840-53F70B661F54.tif,Week4/Week4_27481,C07_s3_w43AD105B2-A941-4187-A3F2-663186E4B629.tif,Week4/Week4_27481,Week4_27481,C07,1,AG-1478,0.1,62,692.4032258064516,39.199157007376186
4,64,C07_s4_w17309B361-8748-46A9-AD67-ADA5C652C071.tif,Week4/Week4_27481,C07_s4_w234BBCA4B-9BCD-47A2-A455-B56F5C06ECB2.tif,Week4/Week4_27481,C07_s4_w43B2E941B-3638-4507-B59A-CC58B5238770.tif,Week4/Week4_27481,Week4_27481,C07,1,AG-1478,0.1,308,783.0876623376623,194.73129610115913
4,57,C06_s1_w15C88E06A-CD4F-42E1-8886-54925AEBBE70.tif,Week4/Week4_27481,C06_s1_w22201E422-9F86-451D-9FAD-93E5A98801BE.tif,Week4/Week4_27481,C06_s1_w46BF0E04C-7654-44CB-A688-A6348562956D.tif,Week4/Week4_27481,Week4_27481,C06,1,AG-1478,0.3,192,803.359375,121.390937829294
4,58,C06_s2_w1277045F4-42AB-4C57-AB80-66332E0947FB.tif,Week4/Week4_27481,C06_s2_w263B18ED2-F4F6-4E4E-BDA9-B46280F87CA9.tif,Week4/Week4_27481,C06_s2_w4DA45CD51-8B54-4136-A369-925D7031E61B.tif,Week4/Week4_27481,Week4_27481,C06,1,AG-1478,0.3,199,834.286432160804,125.81664910432036
4,59,C06_s3_w1996D1649-5F23-4DFF-AE4A-BD336CAA7BED.tif,Week4/Week4_27481,C06_s3_w20BBC018A-A3BC-4333-9383-8E98E72EAAD6.tif,Week4/Week4_27481,C06_s3_w4087E6B98-91C7-4194-A960-8AE2E4447017.tif,Week4/Week4_27481,Week4_27481,C06,1,AG-1478,0.3,92,787.195652173913,58.16649104320337
4,60,C06_s4_w14AD0CAF7-061F-4697-B3CF-362F538F58DE.tif,Week4/Week4_27481,C06_s4_w2AFF5EC41-0D36-48A8-95F2-FE11F59BEA63.tif,Week4/Week4_27481,C06_s4_w4FE6035A7-4380-446B-9975-BCE85B330412.tif,Week4/Week4_27481,Week4_27481,C06,1,AG-1478,0.3,240,794.2791666666667,151.73867228661751
4,53,C05_s1_w196667369-4A96-44CD-8605-FAEB9B809844.tif,Week4/Week4_27481,C05_s1_w22FE37B49-8F50-4E6F-A809-9FE74FB54EA6.tif,Week4/Week4_27481,C05_s1_w43F01C79E-683C-4D79-B107-8BC9E5A5A7E5.tif,Week4/Week4_27481,Week4_27481,C05,1,AG-1478,1.0,287,789.3379790940767,181.4541622760801
4,54,C05_s2_w1C4D0606B-543D-4695-A495-25C3C1E9C0DF.tif,Week4/Week4_27481,C05_s2_w281293702-B8F1-43E4-89A7-66AF49B4D27C.tif,Week4/Week4_27481,C05_s2_w49D9E29EE-B2C9-48C9-AF32-A66C419F1193.tif,Week4/Week4_27481,Week4_27481,C05,1,AG-1478,1.0,274,782.8430656934306,173.23498419388832
4,55,C05_s3_w1899FC12C-E99C-4A87-A271-CD43E9506CF3.tif,Week4/Week4_27481,C05_s3_w25A784079-6C7F-4A8C-B3A8-A3FFDD3A7C6C.tif,Week4/Week4_27481,C05_s3_w4C90F53AE-EC64-447C-9D5F-37BD12617E65.tif,Week4/Week4_27481,Week4_27481,C05,1,AG-1478,1.0,177,763.3333333333334,111.90727081138041
4,56,C05_s4_w1B9D6C053-B558-4AF7-9C11-71B37E151BF7.tif,Week4/Week4_27481,C05_s4_w216F8309B-0D67-4C2A-AE3B-0BE9FE52BCEC.tif,Week4/Week4_27481,C05_s4_w463920222-D386-4387-8A4D-AC8D0E293456.tif,Week4/Week4_27481,Week4_27481,C05,1,AG-1478,1.0,254,802.9291338582677,160.5900948366702
4,51,C04_s3_w193114EF5-8544-4803-BD9F-BF35BC153D43.tif,Week4/Week4_27481,C04_s3_w23C1F8489-03B6-4C78-ABF8-BB79FFCDBCC0.tif,Week4/Week4_27481,C04_s3_w4D1788C81-441E-4E14-82B5-56F0937B685C.tif,Week4/Week4_27481,Week4_27481,C04,1,AG-1478,3.0,83,807.6867469879518,52.47629083245522
4,52,C04_s4_w10EE4B8A2-3728-42F1-A3F5-705ACDBA9460.tif,Week4/Week4_27481,C04_s4_w266F4ACA5-7839-4983-9DBB-24EF97135773.tif,Week4/Week4_27481,C04_s4_w45A84FE23-A139-4CDA-9059-BE58E8043F12.tif,Week4/Week4_27481,Week4_27481,C04,1,AG-1478,3.0,251,757.2828685258964,158.6933614330875
4,49,C04_s1_w163BC9331-967F-4E02-9DD8-FE1FA2481BEE.tif,Week4/Week4_27481,C04_s1_w214F8FE3E-188E-4C97-83DA-FE5A5CB86486.tif,Week4/Week4_27481,C04_s1_w47BBDA3F2-C2C3-4E60-8EF0-1EE1AFF60BCF.tif,Week4/Week4_27481,Week4_27481,C04,1,AG-1478,3.0,273,772.6007326007326,172.6027397260274
4,50,C04_s2_w13E0565DF-3D0E-41DB-BC8A-5EC684C12B57.tif,Week4/Week4_27481,C04_s2_w212E4D75A-C60E-417A-B581-1993D1E18699.tif,Week4/Week4_27481,C04_s2_w4AC25039D-381F-4CE5-9992-8E1FB34C2121.tif,Week4/Week4_27481,Week4_27481,C04,1,AG-1478,3.0,280,736.0678571428572,177.02845100105375
4,45,C03_s1_w100601F6A-39E4-4826-AF94-B22F7DC458B8.tif,Week4/Week4_27481,C03_s1_w28679A327-7029-4504-B416-A9B2D513DF25.tif,Week4/Week4_27481,C03_s1_w47163FF4F-A125-48C9-A20D-AE2769E6920F.tif,Week4/Week4_27481,Week4_27481,C03,1,AG-1478,10.0,170,714.1470588235294,107.48155953635406
4,46,C03_s2_w12EE45D9B-66AE-43E5-9C2D-E018C9D2C125.tif,Week4/Week4_27481,C03_s2_w259BC3D54-2E5C-4E6C-AD93-F72D523B3FAF.tif,Week4/Week4_27481,C03_s2_w48F728E50-2ED3-4A67-8616-9627B256F006.tif,Week4/Week4_27481,Week4_27481,C03,1,AG-1478,10.0,264,818.310606060606,166.91253951527924
4,47,C03_s3_w1CF615B6E-DC31-4234-9489-CDABA46B8440.tif,Week4/Week4_27481,C03_s3_w217E2B759-FB99-4C81-AA09-F5D078EBD3E2.tif,Week4/Week4_27481,C03_s3_w42A685747-7F98-4048-BB44-2AF20C3A3B23.tif,Week4/Week4_27481,Week4_27481,C03,1,AG-1478,10.0,237,816.4472573839662,149.8419388830348
4,48,C03_s4_w1190A7B9B-147A-4395-84D6-93A742EC2A7F.tif,Week4/Week4_27481,C03_s4_w23303CF05-3C28-48A7-BC2C-DAFA1B83E738.tif,Week4/Week4_27481,C03_s4_w483F6D755-034B-4310-AF3C-FFE2EB34EAEC.tif,Week4/Week4_27481,Week4_27481,C03,1,AG-1478,10.0,225,723.1511111111112,142.2550052687039
4,33,B10_s1_w13A866860-372E-4BC5-A48E-2E48663C3D7F.tif,Week4/Week4_27481,B10_s1_w2E7FCBEB5-858F-465B-BD7F-F1E47773CEE2.tif,Week4/Week4_27481,B10_s1_w4B45D90FB-A87C-4527-A1F5-A1ADA3C18742.tif,Week4/Week4_27481,Week4_27481,B10,1,anisomycin,0.003,114,797.6491228070175,72.07586933614331
4,34,B10_s2_w1A9BD0CE7-D39F-461E-8C04-B7267EE744CD.tif,Week4/Week4_27481,B10_s2_w2E0ABE22E-BAE1-44EC-BB3A-6E79E192CD0D.tif,Week4/Week4_27481,B10_s2_w4ADA7E211-E81E-4281-9415-578A981E30BA.tif,Week4/Week4_27481,Week4_27481,B10,1,anisomycin,0.003,228,794.0131578947369,144.15173867228663
4,35,B10_s3_w1F33354C1-E4A8-4ADC-A3EA-22CD42DF01C9.tif,Week4/Week4_27481,B10_s3_w26A04B761-FC30-4278-8C7C-6DA6E76608E2.tif,Week4/Week4_27481,B10_s3_w48EA9878C-A55F-4092-B97C-083855CD7153.tif,Week4/Week4_27481,Week4_27481,B10,1,anisomycin,0.003,92,791.6413043478261,58.16649104320337
4,36,B10_s4_w1EB2A8E08-318A-4A93-9B3F-999F817EF07D.tif,Week4/Week4_27481,B10_s4_w27F80F830-709D-4CAD-8395-E0295565C305.tif,Week4/Week4_27481,B10_s4_w4397E3804-656F-4B1A-B88C-0855CAD53DDB.tif,Week4/Week4_27481,Week4_27481,B10,1,anisomycin,0.003,159,807.8238993710692,100.52687038988411
4,29,B09_s1_w1BA9D5E97-96C9-4FBE-9A50-A6FC45C96AF5.tif,Week4/Week4_27481,B09_s1_w2EF128D8F-4707-44F2-9921-EABA4A96FFEF.tif,Week4/Week4_27481,B09_s1_w401C9CAB6-78CA-4722-9BAC-5C722EC5B486.tif,Week4/Week4_27481,Week4_27481,B09,1,anisomycin,0.01,125,737.616,79.03055848261327
4,30,B09_s2_w1D3ABBC0F-7106-479D-9718-2DD84591F947.tif,Week4/Week4_27481,B09_s2_w24AC06573-0A20-4DCF-B5B2-9CB7DB443AA5.tif,Week4/Week4_27481,B09_s2_w4E22C94C1-0270-4745-9D71-ED30248B409E.tif,Week4/Week4_27481,Week4_27481,B09,1,anisomycin,0.01,270,815.2777777777778,170.7060063224447
4,31,B09_s3_w14E2EE7E7-FB44-48FE-A94C-A3113C711E4E.tif,Week4/Week4_27481,B09_s3_w2FDC9D446-BEAE-420D-876B-D8EE8B63412B.tif,Week4/Week4_27481,B09_s3_w4A02367DC-B459-499B-9A5E-EA27119B86C5.tif,Week4/Week4_27481,Week4_27481,B09,1,anisomycin,0.01,43,860.4651162790698,27.186512118018967
4,32,B09_s4_w1131E0EAD-822B-42F7-81FF-A95B7D540C0E.tif,Week4/Week4_27481,B09_s4_w2C38CAA0F-1BCC-4259-92EB-6A56F680C818.tif,Week4/Week4_27481,B09_s4_w457F1AF01-60EC-4E2C-B2D0-80C22A0F10CF.tif,Week4/Week4_27481,Week4_27481,B09,1,anisomycin,0.01,232,788.3060344827586,146.68071654373026
4,25,B08_s1_w1B5BE875A-3067-4B31-B130-28449531AA92.tif,Week4/Week4_27481,B08_s1_w255CCCC2F-5CF9-4DB4-8F7B-3A6B63C2819B.tif,Week4/Week4_27481,B08_s1_w4E92783B8-660A-42D0-A7A0-E3104157A68F.tif,Week4/Week4_27481,Week4_27481,B08,1,anisomycin,0.03,140,719.3285714285714,88.51422550052688
4,26,B08_s2_w16EDA89A8-0FA8-4A14-B4DE-2C528BF743E0.tif,Week4/Week4_27481,B08_s2_w241D03CE1-7CE2-482E-A1DB-3986450B7831.tif,Week4/Week4_27481,B08_s2_w48A344A97-D974-4BA5-A2A4-285473E01BF2.tif,Week4/Week4_27481,Week4_27481,B08,1,anisomycin,0.03,296,807.8648648648649,187.14436248682824
4,27,B08_s3_w1E60092AE-22D7-494C-9B17-597B357CA476.tif,Week4/Week4_27481,B08_s3_w26445E6EA-42A0-4FB7-B13B-C41A4AB26A75.tif,Week4/Week4_27481,B08_s3_w4DD6738F3-0D1B-4EC2-9EC6-5BE4190815D9.tif,Week4/Week4_27481,Week4_27481,B08,1,anisomycin,0.03,62,717.9516129032259,39.199157007376186
4,28,B08_s4_w125E323A1-0492-46BC-8F01-B2A6AFED3559.tif,Week4/Week4_27481,B08_s4_w264B83AAD-4341-4F0A-877E-33BF7CB55FAD.tif,Week4/Week4_27481,B08_s4_w4C4FA96B4-FE8D-41C6-8F69-7FF930218A16.tif,Week4/Week4_27481,Week4_27481,B08,1,anisomycin,0.03,223,773.0582959641256,140.9905163329821
4,21,B07_s1_w1E8264076-0A34-44F8-8515-CFE3C84FB9FF.tif,Week4/Week4_27481,B07_s1_w2D47D9CB3-98E6-4D7E-9765-116F04F77F65.tif,Week4/Week4_27481,B07_s1_w4E89301D0-0A15-4061-8A1F-DB5A30C52EBB.tif,Week4/Week4_27481,Week4_27481,B07,1,anisomycin,0.1,138,626.5144927536232,87.24973656480506
4,22,B07_s2_w1C105FE0E-EC52-48E1-B02C-E5FDFAAA4533.tif,Week4/Week4_27481,B07_s2_w21B949F4D-E46A-412B-9C83-9DC6A76D4E63.tif,Week4/Week4_27481,B07_s2_w4C9276450-1E62-4BA6-9B2C-1BAA740D2EFA.tif,Week4/Week4_27481,Week4_27481,B07,1,anisomycin,0.1,202,651.8069306930693,127.71338250790308
4,23,B07_s3_w18932E06D-EE17-4A56-8364-C6566660625F.tif,Week4/Week4_27481,B07_s3_w254640FC5-80BD-4DFC-8C4D-6D2F7D3189BE.tif,Week4/Week4_27481,B07_s3_w4952B3B6D-198C-400C-9C0D-A71A0944EB6D.tif,Week4/Week4_27481,Week4_27481,B07,1,anisomycin,0.1,163,722.1165644171779,103.05584826132772
4,24,B07_s4_w1D6D22C9B-6141-419E-B478-0130AFF5B224.tif,Week4/Week4_27481,B07_s4_w2BA9D0F60-C9F3-4ABA-BC10-3A63A4DB74CD.tif,Week4/Week4_27481,B07_s4_w4FDE61F7E-534D-4ABD-87AC-DE93B2AF33F1.tif,Week4/Week4_27481,Week4_27481,B07,1,anisomycin,0.1,144,686.2430555555555,91.0432033719705
4,11,B04_s3_w1BCD2CB71-32D5-485C-AF30-EADFC38F5142.tif,Week4/Week4_27481,B04_s3_w2B793CBD7-F0A1-4B4D-A05D-B19FA6C5E350.tif,Week4/Week4_27481,B04_s3_w412896A33-2264-48A8-9ED3-7D7A1307305A.tif,Week4/Week4_27481,Week4_27481,B04,1,anisomycin,3.0,6,472.0,3.7934668071654376
4,12,B04_s4_w1EF32DACC-2DC6-4B22-BE5D-43557FD837AD.tif,Week4/Week4_27481,B04_s4_w2F043A453-BAD6-4FFE-8626-528274F55547.tif,Week4/Week4_27481,B04_s4_w4ABFA49B2-265C-4F46-A0E4-9245141D7C74.tif,Week4/Week4_27481,Week4_27481,B04,1,anisomycin,3.0,38,960.9736842105264,24.025289778714438
4,9,B04_s1_w131A1F432-169C-4908-BF5F-CFA9FED12E7A.tif,Week4/Week4_27481,B04_s1_w2B263787A-9DF0-47B5-8455-9E09B8682881.tif,Week4/Week4_27481,B04_s1_w4E0AE7360-B757-4351-8C50-C67EA9FF45B6.tif,Week4/Week4_27481,Week4_27481,B04,1,anisomycin,3.0,84,736.5119047619048,53.10853530031613
4,10,B04_s2_w17F9E30C8-C811-44EC-AD5D-275253008CE3.tif,Week4/Week4_27481,B04_s2_w2B6E8F46C-D787-443C-8389-00606D5310AC.tif,Week4/Week4_27481,B04_s2_w4EF1B8BE0-8754-46C7-8D43-DABB44FA52F5.tif,Week4/Week4_27481,Week4_27481,B04,1,anisomycin,3.0,74,735.0945945945946,46.78609062170706
4,5,B03_s1_w17E511B38-8FFD-443E-B59A-E1A14F6D3831.tif,Week4/Week4_27481,B03_s1_w2CB4F5A9D-4735-4BF1-9980-E00FAFB5F3C9.tif,Week4/Week4_27481,B03_s1_w43384C89C-9379-40BB-A5CB-54997B904367.tif,Week4/Week4_27481,Week4_27481,B03,1,anisomycin,10.0,61,628.4262295081967,38.56691253951528
4,6,B03_s2_w1BC78C458-B1C3-45BB-8741-0771255C5645.tif,Week4/Week4_27481,B03_s2_w209033218-3C4D-47B0-9C28-14C84447C3AB.tif,Week4/Week4_27481,B03_s2_w4C404F621-180F-4EBD-8CA1-AD13FE9D08E0.tif,Week4/Week4_27481,Week4_27481,B03,1,anisomycin,10.0,85,747.0117647058823,53.74077976817703
4,7,B03_s3_w1A0BCF852-346D-4229-8AA8-C81F3136101C.tif,Week4/Week4_27481,B03_s3_w25A93AE74-6959-4527-9CF0-F0CBFC39A4F1.tif,Week4/Week4_27481,B03_s3_w4F8847A33-AF53-4819-BED4-0374429FFF54.tif,Week4/Week4_27481,Week4_27481,B03,1,anisomycin,10.0,23,852.7391304347826,14.541622760800843
4,8,B03_s4_w1C811F274-69C0-4FF1-B954-156C1CA80132.tif,Week4/Week4_27481,B03_s4_w2C768F324-62EB-439E-A5BB-70B50D12F5DD.tif,Week4/Week4_27481,B03_s4_w45AD4CC7F-EE08-423C-AA01-903C66040936.tif,Week4/Week4_27481,Week4_27481,B03,1,anisomycin,10.0,37,990.3243243243244,23.39304531085353
4,193,F10_s1_w1B79BBD3F-D2ED-47D6-B9E1-76E7EA1D6B03.tif,Week4/Week4_27481,F10_s1_w23BFF2A5C-1A22-4B6B-874A-D9E8C0863C2B.tif,Week4/Week4_27481,F10_s1_w4920C6EF9-2A0D-473E-87B1-DC3630A46324.tif,Week4/Week4_27481,Week4_27481,F10,1,indirubin monoxime,0.003,51,670.9803921568628,32.24446786090622
4,194,F10_s2_w170FD5D2A-ECF6-42F6-8E8B-899A7F49A8CB.tif,Week4/Week4_27481,F10_s2_w23EB0B51F-A859-4BA5-AAA2-1DA1357CA2EF.tif,Week4/Week4_27481,F10_s2_w491488644-534A-4814-8530-06CA333A883D.tif,Week4/Week4_27481,Week4_27481,F10,1,indirubin monoxime,0.003,120,767.925,75.86933614330876
4,195,F10_s3_w1349B4618-C707-4914-882B-FAB262CFC2F8.tif,Week4/Week4_27481,F10_s3_w29D8F60E8-5194-48DC-9073-CE8E1816C880.tif,Week4/Week4_27481,F10_s3_w46DDB0E6B-6977-4FB9-9B88-DDCB3C9C1EA4.tif,Week4/Week4_27481,Week4_27481,F10,1,indirubin monoxime,0.003,61,897.4098360655738,38.56691253951528
4,196,F10_s4_w190CE455A-675B-41F6-9812-0A1EEF9D63F9.tif,Week4/Week4_27481,F10_s4_w2128B0719-68B1-452B-9AC4-C088038B88AC.tif,Week4/Week4_27481,F10_s4_w406C50346-7EA5-4A83-AF6D-21367DA2D554.tif,Week4/Week4_27481,Week4_27481,F10,1,indirubin monoxime,0.003,87,861.8275862068965,55.00526870389885
4,191,F09_s3_w1678C3D40-101C-47FD-A983-2030327C5577.tif,Week4/Week4_27481,F09_s3_w23C865F35-70FC-470C-8A41-893BC0D9C964.tif,Week4/Week4_27481,F09_s3_w4DE049720-124C-4F8C-AA38-22402FC92B31.tif,Week4/Week4_27481,Week4_27481,F09,1,indirubin monoxime,0.01,114,890.3508771929825,72.07586933614331
4,192,F09_s4_w1F82636DA-55B2-43B4-92E8-0615B8E66121.tif,Week4/Week4_27481,F09_s4_w266F975B1-6EAF-4546-93FA-D6307B5752EE.tif,Week4/Week4_27481,F09_s4_w40467504B-5259-438B-88AE-85A103D88F9E.tif,Week4/Week4_27481,Week4_27481,F09,1,indirubin monoxime,0.01,188,828.3723404255319,118.86195995785039
4,189,F09_s1_w1408046C0-EBC8-43EB-BAE4-52E8946B7145.tif,Week4/Week4_27481,F09_s1_w2AFF34CD0-09BE-4BE8-9480-1963A08FC73A.tif,Week4/Week4_27481,F09_s1_w4F32DD43E-5831-42C8-99B7-911922153B5D.tif,Week4/Week4_27481,Week4_27481,F09,1,indirubin monoxime,0.01,241,805.2448132780083,152.3709167544784
4,190,F09_s2_w1BC0B9718-3006-4E2B-A534-54780CF88D28.tif,Week4/Week4_27481,F09_s2_w2E324603D-601D-4665-83FB-8E9662BCE66E.tif,Week4/Week4_27481,F09_s2_w433528778-91FA-4022-BC35-755388A3BD8E.tif,Week4/Week4_27481,Week4_27481,F09,1,indirubin monoxime,0.01,214,763.7056074766355,135.30031612223394
4,185,F08_s1_w115727991-6D63-4063-AD54-E99A79A908A9.tif,Week4/Week4_27481,F08_s1_w2E3691626-B2B2-4E52-96A0-5E56E4290F49.tif,Week4/Week4_27481,F08_s1_w455D7BB7E-FD90-4273-9B00-614FE9525A7A.tif,Week4/Week4_27481,Week4_27481,F08,1,indirubin monoxime,0.03,205,809.9512195121952,129.6101159114858
4,186,F08_s2_w1FD010E02-3CFF-491C-8973-EEC2D42590D0.tif,Week4/Week4_27481,F08_s2_w263662153-25F2-4F14-B5B6-0158F80FBDCD.tif,Week4/Week4_27481,F08_s2_w4049C8A64-3A3E-4E2F-9BF9-92EE07076E35.tif,Week4/Week4_27481,Week4_27481,F08,1,indirubin monoxime,0.03,155,725.0451612903225,97.99789251844047
4,187,F08_s3_w16C9AAFAC-EF54-48BA-BF28-6550E5494E57.tif,Week4/Week4_27481,F08_s3_w2F587330D-0A6D-4225-84C4-1F4FA5401400.tif,Week4/Week4_27481,F08_s3_w445FCB808-C84B-4CD6-8E6D-7718B08281D2.tif,Week4/Week4_27481,Week4_27481,F08,1,indirubin monoxime,0.03,190,840.7736842105263,120.12644889357217
4,188,F08_s4_w1C9F66057-F06D-445E-A47F-B63A2F38EC2E.tif,Week4/Week4_27481,F08_s4_w20B60350E-3C10-4E31-A183-EAE1253D2382.tif,Week4/Week4_27481,F08_s4_w4D6C4F022-464D-4FE0-BFFB-B7D404D4BD14.tif,Week4/Week4_27481,Week4_27481,F08,1,indirubin monoxime,0.03,121,763.7355371900826,76.50158061116966
4,181,F07_s1_w14260DCEC-A737-4BFE-876D-93955699F007.tif,Week4/Week4_27481,F07_s1_w2FE30BC03-7F76-4888-A6D2-2A0DA4124586.tif,Week4/Week4_27481,F07_s1_w46D24467B-ED5D-4D94-A8C1-A384A6A8D2E0.tif,Week4/Week4_27481,Week4_27481,F07,1,indirubin monoxime,0.1,160,803.35,101.15911485774501
4,182,F07_s2_w1D055A018-0F30-4617-9F1C-E3EB39881E54.tif,Week4/Week4_27481,F07_s2_w2094B7E34-6DCA-49A7-B37D-CFE76D7E8676.tif,Week4/Week4_27481,F07_s2_w44D746AAA-EFAE-49DB-ADF7-7711AAF4234B.tif,Week4/Week4_27481,Week4_27481,F07,1,indirubin monoxime,0.1,137,788.7591240875912,86.61749209694416
4,183,F07_s3_w126D655E3-9BD9-4832-8E49-2C00DF3E9C06.tif,Week4/Week4_27481,F07_s3_w25E96F20F-5291-40DC-ACAC-1CDF07DE8371.tif,Week4/Week4_27481,F07_s3_w4934D1B3F-4F6C-4A0D-970F-15A2C0D5F0CC.tif,Week4/Week4_27481,Week4_27481,F07,1,indirubin monoxime,0.1,155,793.2645161290322,97.99789251844047
4,184,F07_s4_w10FA9687E-ED63-49EC-8BA6-3DFAB11499F3.tif,Week4/Week4_27481,F07_s4_w20252C511-8413-4B88-81B4-962BF7FCAFDB.tif,Week4/Week4_27481,F07_s4_w48C0D0E65-49A1-4CA0-BDB6-205C1441687E.tif,Week4/Week4_27481,Week4_27481,F07,1,indirubin monoxime,0.1,117,843.034188034188,73.97260273972603
4,177,F06_s1_w1073D797C-9A20-4DB5-A200-EE822E91D720.tif,Week4/Week4_27481,F06_s1_w2C70E3BD4-4AB4-4195-B3A1-938EE8D46AE0.tif,Week4/Week4_27481,F06_s1_w43AA1BD6E-079F-4F50-B34D-E0E2A79A3650.tif,Week4/Week4_27481,Week4_27481,F06,1,indirubin monoxime,0.3,262,783.4961832061068,165.64805057955743
4,178,F06_s2_w1419D119A-7883-414F-AA5C-FDD6CEC39258.tif,Week4/Week4_27481,F06_s2_w24496354D-E616-483B-9DEA-156D1DEFC770.tif,Week4/Week4_27481,F06_s2_w4DF7D5C2F-6052-45C1-A27F-708971CCA3C5.tif,Week4/Week4_27481,Week4_27481,F06,1,indirubin monoxime,0.3,278,758.8561151079136,175.76396206533192
4,179,F06_s3_w1B1FAEA2B-74F3-4F01-AF1A-EECA11C8A349.tif,Week4/Week4_27481,F06_s3_w2380B3FE1-BF1A-4EC2-97D8-05DFD4E4D46C.tif,Week4/Week4_27481,F06_s3_w4FBE98DCD-E0DF-4DC7-89C0-A2EAD0F3FDBD.tif,Week4/Week4_27481,Week4_27481,F06,1,indirubin monoxime,0.3,132,844.1287878787879,83.45626975763962
4,180,F06_s4_w140C121AE-2C1F-43F4-A1CE-F3F8D0DDD83E.tif,Week4/Week4_27481,F06_s4_w208BCA0B3-488C-4C2C-A477-B987C061487E.tif,Week4/Week4_27481,F06_s4_w49E64C88C-1CDA-4260-8C88-18EF7521E49D.tif,Week4/Week4_27481,Week4_27481,F06,1,indirubin monoxime,0.3,245,788.4,154.89989462592203
4,173,F05_s1_w1C6935369-131B-4AB4-BFC5-3F4EC22066D1.tif,Week4/Week4_27481,F05_s1_w204B9535A-4039-400E-9C0A-AA7C9AE2FFFD.tif,Week4/Week4_27481,F05_s1_w4A4DAFB8C-75E3-49F0-B07E-CEA9CA4D53F1.tif,Week4/Week4_27481,Week4_27481,F05,1,indirubin monoxime,1.0,218,757.0275229357799,137.82929399367757
4,174,F05_s2_w18F68ADCA-4DC5-4735-B9B9-57432F31BF26.tif,Week4/Week4_27481,F05_s2_w2F5AF0C72-AD53-4118-9D98-1A043F9C3784.tif,Week4/Week4_27481,F05_s2_w45CCDFD5A-E0C6-484E-B40C-74130EAE95FF.tif,Week4/Week4_27481,Week4_27481,F05,1,indirubin monoxime,1.0,234,840.7435897435897,147.94520547945206
4,175,F05_s3_w142F31482-E313-4B29-82B8-958F4688292E.tif,Week4/Week4_27481,F05_s3_w22F6B3BF8-2A17-4FC6-8712-39D0DFC97E76.tif,Week4/Week4_27481,F05_s3_w46E469EB6-C7A3-40AB-9D24-D4DF7DDD5F78.tif,Week4/Week4_27481,Week4_27481,F05,1,indirubin monoxime,1.0,238,795.2478991596639,150.4741833508957
4,176,F05_s4_w131D57A6E-3282-40D3-8652-3F39632FE2F2.tif,Week4/Week4_27481,F05_s4_w28FA10597-0644-4673-B689-F13D97F97ECB.tif,Week4/Week4_27481,F05_s4_w403020775-CB91-42BA-A160-00358E8A9E93.tif,Week4/Week4_27481,Week4_27481,F05,1,indirubin monoxime,1.0,243,802.6008230452675,153.63540569020023
4,169,F04_s1_w130A47AD5-F186-4253-8C47-0049F4544B6A.tif,Week4/Week4_27481,F04_s1_w2732FC0D5-9A8B-4897-A68D-3F0812DA402C.tif,Week4/Week4_27481,F04_s1_w4B604C812-91A9-484D-B985-1663E3B32DF9.tif,Week4/Week4_27481,Week4_27481,F04,1,indirubin monoxime,3.0,164,863.8658536585366,103.68809272918863
4,170,F04_s2_w1125E6431-74F9-4FC8-874C-405813F61EDD.tif,Week4/Week4_27481,F04_s2_w2CF25DD2B-7840-4668-9FD4-0EDFB54229B5.tif,Week4/Week4_27481,F04_s2_w45692CC07-3A0A-4F2E-A0AE-343CB6F77A5D.tif,Week4/Week4_27481,Week4_27481,F04,1,indirubin monoxime,3.0,212,833.7358490566038,134.03582718651214
4,171,F04_s3_w172EC7BED-EE5F-4F44-97E8-9337F2CAA7F3.tif,Week4/Week4_27481,F04_s3_w29939A672-C3D7-458D-BA65-244E47D2453F.tif,Week4/Week4_27481,F04_s3_w45F89F946-1603-44A9-A7EF-935368FBBEF7.tif,Week4/Week4_27481,Week4_27481,F04,1,indirubin monoxime,3.0,136,907.6397058823529,85.98524762908325
4,172,F04_s4_w154C0A956-7021-4AFF-9C30-70B61C353230.tif,Week4/Week4_27481,F04_s4_w29C5E8A3C-6860-42F0-A76C-461BC6336DC5.tif,Week4/Week4_27481,F04_s4_w490A67250-D783-462E-AE57-4BEF8978F7E6.tif,Week4/Week4_27481,Week4_27481,F04,1,indirubin monoxime,3.0,167,906.5389221556886,105.58482613277134
4,165,F03_s1_w1D6FB21DA-D57F-49E4-A497-9968E32B4335.tif,Week4/Week4_27481,F03_s1_w22E1F0DD3-BACA-4F61-A700-D21C770D0E18.tif,Week4/Week4_27481,F03_s1_w42FFF484F-5E95-4B97-BDB9-3B54134CDD16.tif,Week4/Week4_27481,Week4_27481,F03,1,indirubin monoxime,10.0,71,818.5774647887324,44.889357218124346
4,166,F03_s2_w166A90399-C33C-48E7-80D5-89EA30E9C9BB.tif,Week4/Week4_27481,F03_s2_w28838BC61-794F-4717-A8DB-A02A06EAA8D5.tif,Week4/Week4_27481,F03_s2_w472E5EAEF-BAF1-449E-AD21-4D34C3272846.tif,Week4/Week4_27481,Week4_27481,F03,1,indirubin monoxime,10.0,145,950.5793103448276,91.6754478398314
4,167,F03_s3_w15E7985AF-0873-408E-8875-01D286AE981C.tif,Week4/Week4_27481,F03_s3_w244F88031-F146-475D-8144-709147A1905C.tif,Week4/Week4_27481,F03_s3_w4A29D4B55-CD01-43BC-8BF6-888E5BE769F5.tif,Week4/Week4_27481,Week4_27481,F03,1,indirubin monoxime,10.0,95,1017.2631578947369,60.06322444678609
4,168,F03_s4_w1B1CBC992-263A-46C5-A8F6-E1939680AC23.tif,Week4/Week4_27481,F03_s4_w28A93E258-230A-4B35-B3EA-5FFD3D3B0510.tif,Week4/Week4_27481,F03_s4_w468D95779-18B2-4129-BCD5-3D318DF43AB0.tif,Week4/Week4_27481,Week4_27481,F03,1,indirubin monoxime,10.0,136,919.1691176470588,85.98524762908325
4,113,D10_s1_w1B578F0B3-BC4E-457D-B73B-6A233296210F.tif,Week4/Week4_27481,D10_s1_w2D7911294-2117-49B9-A6A8-5C72CA14EF0A.tif,Week4/Week4_27481,D10_s1_w47B2CF266-BB04-47F8-B896-24CD40368F3A.tif,Week4/Week4_27481,Week4_27481,D10,1,olomoucine,0.003,108,769.1296296296297,68.28240252897787
4,114,D10_s2_w1A51CB4D6-1227-4253-852C-F383F8A445FF.tif,Week4/Week4_27481,D10_s2_w2DF02E18B-1D47-46D1-80FB-0B458B21FEDB.tif,Week4/Week4_27481,D10_s2_w4FBFE0897-4633-4576-8D89-86A93977DB7E.tif,Week4/Week4_27481,Week4_27481,D10,1,olomoucine,0.003,146,758.7054794520548,92.3076923076923
4,115,D10_s3_w14F65EF62-4AAA-4B7A-9943-84CB06280161.tif,Week4/Week4_27481,D10_s3_w2A40A5BA5-437D-4A4A-B8C4-8A737F9FB3AC.tif,Week4/Week4_27481,D10_s3_w41D9FADB7-889E-4367-9ADD-2E1AA46777E9.tif,Week4/Week4_27481,Week4_27481,D10,1,olomoucine,0.003,84,807.5595238095239,53.10853530031613
4,116,D10_s4_w157B4FD39-E45C-423B-A3C0-5D685DF326E9.tif,Week4/Week4_27481,D10_s4_w2141FBAFA-BFA7-40ED-B190-B1E1C96D4C2E.tif,Week4/Week4_27481,D10_s4_w45CEC0EFD-516A-4949-B83F-6B6F30123BAE.tif,Week4/Week4_27481,Week4_27481,D10,1,olomoucine,0.003,189,776.5820105820105,119.49420442571127
4,109,D09_s1_w16DDA297B-7828-4C44-B17A-E1BF7C6DCB14.tif,Week4/Week4_27481,D09_s1_w23296A833-DBEC-410B-B1A5-F6C8D3821090.tif,Week4/Week4_27481,D09_s1_w4603712C5-2C21-4EDB-AFF4-5FA10DD5F925.tif,Week4/Week4_27481,Week4_27481,D09,1,olomoucine,0.01,38,615.2105263157895,24.025289778714438
4,110,D09_s2_w1C8E92612-F081-4B12-BBFF-90BA98D15CC3.tif,Week4/Week4_27481,D09_s2_w2A69EDECF-49B8-4885-A43B-3110EA3DEC51.tif,Week4/Week4_27481,D09_s2_w430BA02E3-3CB4-4910-8CC2-EB6776B9DBA2.tif,Week4/Week4_27481,Week4_27481,D09,1,olomoucine,0.01,312,736.8044871794872,197.26027397260276
4,111,D09_s3_w11AFA42F4-6DC0-437A-81ED-E330C911BDFD.tif,Week4/Week4_27481,D09_s3_w27C5158BA-F2F9-417E-94FC-9AC22796AF63.tif,Week4/Week4_27481,D09_s3_w4D5CBF840-CB50-4520-8FAE-BA419C30C41A.tif,Week4/Week4_27481,Week4_27481,D09,1,olomoucine,0.01,146,710.8630136986301,92.3076923076923
4,112,D09_s4_w15926BD6D-AD1D-4655-BAE5-55F028FC7311.tif,Week4/Week4_27481,D09_s4_w2C8030F16-EEC0-4316-A889-C9EFAA427C80.tif,Week4/Week4_27481,D09_s4_w4A0307CA8-8319-45CE-9ABD-E29DBA2B7F78.tif,Week4/Week4_27481,Week4_27481,D09,1,olomoucine,0.01,254,805.6338582677165,160.5900948366702
4,105,D08_s1_w15DF2E2C7-A3CD-4EB4-A2F3-224813595268.tif,Week4/Week4_27481,D08_s1_w2DA629112-1AC3-448F-BFE6-71CCF1D2B3BA.tif,Week4/Week4_27481,D08_s1_w454C573C8-2D53-42E2-9597-9C319D18AFC0.tif,Week4/Week4_27481,Week4_27481,D08,1,olomoucine,0.03,235,755.5659574468085,148.57744994731297
4,106,D08_s2_w136B738B4-38E6-41B7-9DF4-BEBFD8C95C62.tif,Week4/Week4_27481,D08_s2_w20312313D-BC97-4222-B449-BFA3A8727A33.tif,Week4/Week4_27481,D08_s2_w4485C2148-9DF8-4843-B68E-71C3E352B5CC.tif,Week4/Week4_27481,Week4_27481,D08,1,olomoucine,0.03,156,789.7820512820513,98.63013698630138
4,107,D08_s3_w1F6D8ACF9-DF5A-492C-A5A9-49659236F06C.tif,Week4/Week4_27481,D08_s3_w27966AC66-C3B0-402E-8703-1AB85EDD902F.tif,Week4/Week4_27481,D08_s3_w42D560D06-3D0E-4051-9D02-7D19335B8B50.tif,Week4/Week4_27481,Week4_27481,D08,1,olomoucine,0.03,177,830.7796610169491,111.90727081138041
4,108,D08_s4_w1253BD936-31EF-4216-A961-60E3FE41012B.tif,Week4/Week4_27481,D08_s4_w2E9CFD807-EF8B-4042-B0F7-DB6494DA1A46.tif,Week4/Week4_27481,D08_s4_w4D40A06E2-C603-44C6-BE83-D5F2AF248845.tif,Week4/Week4_27481,Week4_27481,D08,1,olomoucine,0.03,65,828.6769230769231,41.09589041095891
4,101,D07_s1_w16325CAA1-06A3-4B4B-94AC-7672D048DFCB.tif,Week4/Week4_27481,D07_s1_w23BF351F4-B158-47C3-A86A-6772DC8F684B.tif,Week4/Week4_27481,D07_s1_w47FCE95C1-5E2C-4C4C-8535-148D8F335F19.tif,Week4/Week4_27481,Week4_27481,D07,1,olomoucine,0.1,264,773.6212121212121,166.91253951527924
4,102,D07_s2_w182C1540A-BD2E-4339-871A-820724880620.tif,Week4/Week4_27481,D07_s2_w2E8DB41CE-8483-44EB-A548-FB0B80D03F42.tif,Week4/Week4_27481,D07_s2_w47A099E48-DCDB-4378-B132-809E38A35DBA.tif,Week4/Week4_27481,Week4_27481,D07,1,olomoucine,0.1,328,798.265243902439,207.37618545837725
4,103,D07_s3_w1098E086E-9D31-40E6-A468-72AE68973991.tif,Week4/Week4_27481,D07_s3_w2A63E8618-0700-44A1-BBB6-8C0DE975BF7D.tif,Week4/Week4_27481,D07_s3_w48BF33086-0DB7-4F05-AAFA-473EB42CB527.tif,Week4/Week4_27481,Week4_27481,D07,1,olomoucine,0.1,66,808.8030303030303,41.72813487881981
4,104,D07_s4_w18CEC1792-DBDB-482E-8644-B144CBF18BC7.tif,Week4/Week4_27481,D07_s4_w2E011D308-5C0E-411C-ADA5-AFE1059D3055.tif,Week4/Week4_27481,D07_s4_w48C68E961-BA62-440B-8C75-54742C8591BE.tif,Week4/Week4_27481,Week4_27481,D07,1,olomoucine,0.1,236,827.2415254237288,149.20969441517386
4,97,D06_s1_w1A7BE9C7B-81A5-4640-B2B8-7521511516AB.tif,Week4/Week4_27481,D06_s1_w2FCE666B1-9175-43B9-AF85-07495997181B.tif,Week4/Week4_27481,D06_s1_w4DFB0CFAC-77B1-4768-B23F-AECB8DBCC6F4.tif,Week4/Week4_27481,Week4_27481,D06,1,olomoucine,0.3,179,779.1396648044692,113.17175974710223
4,98,D06_s2_w1C966F61B-5FF1-4500-99CA-77F2E55ACEB4.tif,Week4/Week4_27481,D06_s2_w2D727A0B6-1BF7-4CA1-BC5F-8672FEC81208.tif,Week4/Week4_27481,D06_s2_w47B4591B1-160A-4F03-8DF4-A692E8A4871A.tif,Week4/Week4_27481,Week4_27481,D06,1,olomoucine,0.3,285,772.4912280701755,180.1896733403583
4,99,D06_s3_w155D4F4AC-AB2E-4132-BB2F-5A4D8FF783C2.tif,Week4/Week4_27481,D06_s3_w2BD2714FD-4A7A-4D0B-979B-556A05F28A71.tif,Week4/Week4_27481,D06_s3_w44490FE12-BF83-4F1E-B3BF-130AA1267ED9.tif,Week4/Week4_27481,Week4_27481,D06,1,olomoucine,0.3,62,606.5967741935484,39.199157007376186
4,100,D06_s4_w19B9A9912-EBB1-4DDB-BFB8-6AF1348DD150.tif,Week4/Week4_27481,D06_s4_w2F3AEC277-FA7E-49CC-A73E-CAE13DCF97B6.tif,Week4/Week4_27481,D06_s4_w4313357FE-700F-491C-8AB4-90482128E118.tif,Week4/Week4_27481,Week4_27481,D06,1,olomoucine,0.3,212,794.566037735849,134.03582718651214
4,93,D05_s1_w1DD9B21C7-F9A0-4170-9BAA-4E5C81BD87EE.tif,Week4/Week4_27481,D05_s1_w275D3DB48-96CC-4BCD-84A8-4162FD17B5C2.tif,Week4/Week4_27481,D05_s1_w410BE8925-7985-45AB-934A-D0590E9F126F.tif,Week4/Week4_27481,Week4_27481,D05,1,olomoucine,1.0,104,695.375,65.75342465753425
4,94,D05_s2_w123AAFCAD-DF5C-4F36-9E4C-0E02B36AFF26.tif,Week4/Week4_27481,D05_s2_w25CDCB9D8-6571-4F8C-9CBA-2637A337EA0B.tif,Week4/Week4_27481,D05_s2_w4C01D20BE-81AA-493B-8CF8-B4C5CB8CBD6B.tif,Week4/Week4_27481,Week4_27481,D05,1,olomoucine,1.0,204,781.9166666666666,128.97787144362488
4,95,D05_s3_w18CBEED52-826F-416E-8AD5-E419E51ACC97.tif,Week4/Week4_27481,D05_s3_w2BC1C1109-8B3F-4997-9A59-84ECA71B9417.tif,Week4/Week4_27481,D05_s3_w44C26C0BF-76A2-474D-97A7-9C601B5AB2B5.tif,Week4/Week4_27481,Week4_27481,D05,1,olomoucine,1.0,68,789.1764705882352,42.99262381454162
4,96,D05_s4_w113F10EAE-7205-4DE4-99C9-0B6B2B7D0CE1.tif,Week4/Week4_27481,D05_s4_w2A644ED01-AC5F-4012-B5DA-F167741D7AB5.tif,Week4/Week4_27481,D05_s4_w4F4AEDBB5-10C1-499C-9734-D61D9E205A5C.tif,Week4/Week4_27481,Week4_27481,D05,1,olomoucine,1.0,197,800.8121827411168,124.55216016859853
4,91,D04_s3_w183050690-8AE0-4DBE-88DF-8B9911AD8C6E.tif,Week4/Week4_27481,D04_s3_w26B6C8826-F7A5-4E10-8988-6A219767302D.tif,Week4/Week4_27481,D04_s3_w404B5B535-F5ED-461E-9A1C-32D2B02587C7.tif,Week4/Week4_27481,Week4_27481,D04,1,olomoucine,3.0,55,805.6909090909091,34.77344573234984
4,92,D04_s4_w103E9AB17-1CA0-4B47-A295-6BEB3D7BF63D.tif,Week4/Week4_27481,D04_s4_w275A34649-0EA7-48F4-9E4E-DB8BC15732A3.tif,Week4/Week4_27481,D04_s4_w492F51043-0ED0-4138-BB7A-0D43A782D24B.tif,Week4/Week4_27481,Week4_27481,D04,1,olomoucine,3.0,235,813.4638297872341,148.57744994731297
4,89,D04_s1_w1D6D25520-9583-4100-8C6E-724B10377B95.tif,Week4/Week4_27481,D04_s1_w2A978C1B1-E496-46B2-886C-C75A454F43EC.tif,Week4/Week4_27481,D04_s1_w4C8B111B2-18B5-434F-A7C7-18749B8E84B8.tif,Week4/Week4_27481,Week4_27481,D04,1,olomoucine,3.0,107,818.4672897196261,67.65015806111697
4,90,D04_s2_w19B3DD9CF-F699-424B-ACA8-2598E890BCAE.tif,Week4/Week4_27481,D04_s2_w2022A2DF2-283E-47DA-845A-24B478AA2DF4.tif,Week4/Week4_27481,D04_s2_w485FF0490-9559-4C56-8CCC-C3A1A280FBB7.tif,Week4/Week4_27481,Week4_27481,D04,1,olomoucine,3.0,203,745.6453201970444,128.34562697576396
4,85,D03_s1_w1A4BF58EE-08CE-4898-A9D5-E0BBE6DBC055.tif,Week4/Week4_27481,D03_s1_w23103B9A1-430B-4728-89F2-1BFD64F0EACB.tif,Week4/Week4_27481,D03_s1_w489324078-527D-4FBF-ACE3-49FADD080EE2.tif,Week4/Week4_27481,Week4_27481,D03,1,olomoucine,10.0,183,833.0765027322404,115.70073761854584
4,86,D03_s2_w160DEF616-4282-4EF3-9948-5582AFBA68F8.tif,Week4/Week4_27481,D03_s2_w21588619C-6BA3-4BD5-B7A7-80EE569CBBF9.tif,Week4/Week4_27481,D03_s2_w48BD19316-211F-40DF-B9D5-12E6EA826B03.tif,Week4/Week4_27481,Week4_27481,D03,1,olomoucine,10.0,249,808.8072289156627,157.42887249736566
4,87,D03_s3_w127EA1920-7229-410E-AC8B-6EB1EDE83723.tif,Week4/Week4_27481,D03_s3_w282CBC063-B458-411B-B85B-85CD93B1BC8A.tif,Week4/Week4_27481,D03_s3_w458C2C951-EB84-488A-9621-5672C2A2B294.tif,Week4/Week4_27481,Week4_27481,D03,1,olomoucine,10.0,198,854.5505050505051,125.18440463645943
4,88,D03_s4_w116569AF6-6B14-4558-88EB-89B612F928A5.tif,Week4/Week4_27481,D03_s4_w2EE8354A4-3E2F-41DF-88D2-C70D26E9B447.tif,Week4/Week4_27481,D03_s4_w4B5C6B471-FBC1-4B07-8943-14AB2972D777.tif,Week4/Week4_27481,Week4_27481,D03,1,olomoucine,10.0,279,822.7311827956989,176.39620653319284
4,153,E10_s1_w173835DE0-ED7E-41DB-A488-C8570B09C996.tif,Week4/Week4_27481,E10_s1_w2959E02F4-6844-42D7-8AE6-7D4DB20B86C3.tif,Week4/Week4_27481,E10_s1_w4D31C2956-03AD-41A5-A5AF-6EE4B4B7ED71.tif,Week4/Week4_27481,Week4_27481,E10,1,tunicamycin,0.015,88,698.3522727272727,55.63751317175976
4,154,E10_s2_w1139FFBB7-58D0-44F8-867D-9C77BA8843E8.tif,Week4/Week4_27481,E10_s2_w220B4C7B2-FB43-4978-BD02-67D218C710DE.tif,Week4/Week4_27481,E10_s2_w49B77C846-AE94-46C1-A19B-B29B9EA9096C.tif,Week4/Week4_27481,Week4_27481,E10,1,tunicamycin,0.015,113,773.4159292035398,71.44362486828241
4,155,E10_s3_w1D9477E4D-D7FF-4550-AF11-752B9AA3A385.tif,Week4/Week4_27481,E10_s3_w286541DC9-09BD-4E32-AC90-153D35342393.tif,Week4/Week4_27481,E10_s3_w401F86FF1-F332-4E58-AB14-41D59D617A66.tif,Week4/Week4_27481,Week4_27481,E10,1,tunicamycin,0.015,53,660.9811320754717,33.508956796628034
4,156,E10_s4_w17292CE0C-358C-4D1C-803F-7D8BF40D969B.tif,Week4/Week4_27481,E10_s4_w2DD9B6B75-5321-461A-94B8-20B507BF4EC6.tif,Week4/Week4_27481,E10_s4_w478726C46-AA62-4ABC-9C2F-50968126B30B.tif,Week4/Week4_27481,Week4_27481,E10,1,tunicamycin,0.015,109,706.8348623853211,68.91464699683878
4,151,E09_s3_w1980C1D7B-05BD-4B27-B7EC-C66A2A90D1E9.tif,Week4/Week4_27481,E09_s3_w24CF56DB5-CABE-40B6-86CF-A748841F3833.tif,Week4/Week4_27481,E09_s3_w41FECF3CB-5318-4E89-8EF8-12DFCA6B014B.tif,Week4/Week4_27481,Week4_27481,E09,1,tunicamycin,0.05,48,742.875,30.3477344573235
4,152,E09_s4_w17B9DEC13-1ED2-43EF-8E53-AD218134127B.tif,Week4/Week4_27481,E09_s4_w2B4C0C8B1-DC81-48A7-87BB-99DDC1C03CD4.tif,Week4/Week4_27481,E09_s4_w460ACBF80-4B81-492B-816B-EA93A6EA1476.tif,Week4/Week4_27481,Week4_27481,E09,1,tunicamycin,0.05,205,704.2682926829268,129.6101159114858
4,149,E09_s1_w1282FEA6D-1CEF-4B8C-9D67-B7CAA6B5C870.tif,Week4/Week4_27481,E09_s1_w20E066D45-AB15-4CD8-8604-89DF1B83FDBD.tif,Week4/Week4_27481,E09_s1_w46E3DBCF7-76A6-4C6B-A3D8-FB915FCCD2D2.tif,Week4/Week4_27481,Week4_27481,E09,1,tunicamycin,0.05,216,791.550925925926,136.56480505795574
4,150,E09_s2_w1C2056DE3-E7EF-44A9-AD0A-7F33402CF82F.tif,Week4/Week4_27481,E09_s2_w2E723F60D-7CCB-41AD-850B-E29421D9CCC9.tif,Week4/Week4_27481,E09_s2_w490EF3A8E-EDE9-4175-B1D0-FC4E7AA1F781.tif,Week4/Week4_27481,Week4_27481,E09,1,tunicamycin,0.05,380,767.0263157894736,240.25289778714435
4,145,E08_s1_w1B43C6C02-6F54-4369-A336-B4FF86B7CC61.tif,Week4/Week4_27481,E08_s1_w2F8FD9C0E-BD5B-401D-B99B-9E3F94BB01D3.tif,Week4/Week4_27481,E08_s1_w48D5DBE07-37FA-4CFE-BE01-055D953759AF.tif,Week4/Week4_27481,Week4_27481,E08,1,tunicamycin,0.15,237,786.3291139240506,149.8419388830348
4,146,E08_s2_w10E2A2D16-1D6A-435C-B099-D565DF999795.tif,Week4/Week4_27481,E08_s2_w2C021882F-50DE-4C27-AD62-4C3E8A70796F.tif,Week4/Week4_27481,E08_s2_w45066A505-A6A1-47DC-BB79-6696C50C2B93.tif,Week4/Week4_27481,Week4_27481,E08,1,tunicamycin,0.15,259,766.3359073359073,163.75131717597472
4,147,E08_s3_w169EEF407-EF9E-4C95-A72B-FA6DC39D2402.tif,Week4/Week4_27481,E08_s3_w2793BEE94-01B4-45BD-A47D-AC6E4F8B05D4.tif,Week4/Week4_27481,E08_s3_w4796D158A-143D-49CA-97F3-6179918BA41E.tif,Week4/Week4_27481,Week4_27481,E08,1,tunicamycin,0.15,272,749.1507352941177,171.9704952581665
4,148,E08_s4_w18BF6DDFC-7864-4709-9B2F-FE89B611F866.tif,Week4/Week4_27481,E08_s4_w2297C3A9B-27EB-424D-8355-F419C3945C57.tif,Week4/Week4_27481,E08_s4_w4154CC01F-6B10-43CA-BAC5-0C6121376014.tif,Week4/Week4_27481,Week4_27481,E08,1,tunicamycin,0.15,245,748.9102040816326,154.89989462592203
4,141,E07_s1_w1906F12C7-CF75-4552-A854-0D4243223081.tif,Week4/Week4_27481,E07_s1_w2338C254F-2313-438B-B152-10D6CE846D56.tif,Week4/Week4_27481,E07_s1_w4DF92A1FF-494B-449C-8CCE-09174FBEB34F.tif,Week4/Week4_27481,Week4_27481,E07,1,tunicamycin,0.5,211,765.9668246445498,133.40358271865122
4,142,E07_s2_w13B5949C8-5A91-4FF5-A75D-E85D8FD5A098.tif,Week4/Week4_27481,E07_s2_w2E146DADB-6079-4A29-AE49-5D2769CFD788.tif,Week4/Week4_27481,E07_s2_w4FD43101C-C37B-4C06-B138-7FAFE2BBEC29.tif,Week4/Week4_27481,Week4_27481,E07,1,tunicamycin,0.5,169,749.5680473372781,106.84931506849315
4,143,E07_s3_w118879243-3799-479F-8B0A-6647F00DF803.tif,Week4/Week4_27481,E07_s3_w2EDD454A6-8DB2-4A90-84B6-D30F39222976.tif,Week4/Week4_27481,E07_s3_w42E694BBF-11CA-4518-AF3C-1EA7F2086C21.tif,Week4/Week4_27481,Week4_27481,E07,1,tunicamycin,0.5,247,696.4493927125507,156.16438356164383
4,144,E07_s4_w1DDE4710A-8709-4BE6-BA12-0243192D6B22.tif,Week4/Week4_27481,E07_s4_w212B2F300-7075-44F9-A57B-335E92DE541E.tif,Week4/Week4_27481,E07_s4_w4EC04FE49-8685-41D7-AC56-633BCD522542.tif,Week4/Week4_27481,Week4_27481,E07,1,tunicamycin,0.5,256,715.7890625,161.854583772392
4,137,E06_s1_w195682F5A-B9AE-4D51-A356-A1DDCB24C72A.tif,Week4/Week4_27481,E06_s1_w241FC5892-60E3-4724-BDF2-CBAE3E39C2B0.tif,Week4/Week4_27481,E06_s1_w4C2E1A1D7-2B55-4F88-A313-553D2ABD4784.tif,Week4/Week4_27481,Week4_27481,E06,1,tunicamycin,1.5,218,657.0045871559633,137.82929399367757
4,138,E06_s2_w1890CD76E-462D-413B-8917-7BF3BEA10044.tif,Week4/Week4_27481,E06_s2_w20D84E668-3774-48EC-B864-6A22B9608AF1.tif,Week4/Week4_27481,E06_s2_w4CF283DDF-393F-404D-8D92-8F68F79C6E3B.tif,Week4/Week4_27481,Week4_27481,E06,1,tunicamycin,1.5,281,656.017793594306,177.66069546891464
4,139,E06_s3_w14FDC955C-3878-4AA6-883D-27070835DD49.tif,Week4/Week4_27481,E06_s3_w2D19EA4D6-C7AC-4B7B-8B1E-14DA1A857E0B.tif,Week4/Week4_27481,E06_s3_w4466D1A93-4B99-4F22-A7AB-C087C9727672.tif,Week4/Week4_27481,Week4_27481,E06,1,tunicamycin,1.5,165,693.1939393939394,104.32033719704954
4,140,E06_s4_w143E7F418-FC91-4D63-ABA3-786E2603DDF9.tif,Week4/Week4_27481,E06_s4_w22D9ED3C4-BDC0-4A3B-8B05-295A666D8F18.tif,Week4/Week4_27481,E06_s4_w46731F899-2F80-4B71-ACC6-95F736140148.tif,Week4/Week4_27481,Week4_27481,E06,1,tunicamycin,1.5,197,682.9441624365483,124.55216016859853
4,133,E05_s1_w1698313FF-1017-4B5C-A43A-FD26A025B08E.tif,Week4/Week4_27481,E05_s1_w25A926124-39E4-4B7C-A68D-B105A6F4CFE7.tif,Week4/Week4_27481,E05_s1_w4C2AD2F23-26D2-459B-A35A-FAE8B581E1C5.tif,Week4/Week4_27481,Week4_27481,E05,1,tunicamycin,5.0,128,690.4453125,80.927291886196
4,134,E05_s2_w1432CBE5D-22D1-44AA-BCE7-F40ED56D5766.tif,Week4/Week4_27481,E05_s2_w2C962E1B0-BC31-4742-A928-7A55B61E781E.tif,Week4/Week4_27481,E05_s2_w4254A7565-13F0-4783-B85F-C04A10F400FE.tif,Week4/Week4_27481,Week4_27481,E05,1,tunicamycin,5.0,178,676.9213483146067,112.53951527924131
4,135,E05_s3_w1CE06A801-22F3-446A-BC11-7BBC507A1E43.tif,Week4/Week4_27481,E05_s3_w22AAA6EEA-CE1B-4081-8925-B2D1033D4A90.tif,Week4/Week4_27481,E05_s3_w43A635FC4-EA26-43C4-9D0E-4AC29CF7D846.tif,Week4/Week4_27481,Week4_27481,E05,1,tunicamycin,5.0,126,682.563492063492,79.66280295047419
4,136,E05_s4_w166FD0AD1-0E67-4C92-B108-8F9E1F6A9E76.tif,Week4/Week4_27481,E05_s4_w28A308BE6-07BA-46CB-B4CF-87A9A4142F73.tif,Week4/Week4_27481,E05_s4_w4AA3C3F9A-8C2B-4800-820C-955E06130D13.tif,Week4/Week4_27481,Week4_27481,E05,1,tunicamycin,5.0,193,639.7823834196892,122.0231822971549
4,131,E04_s3_w142529A37-83FE-4E6E-B616-16A206C11266.tif,Week4/Week4_27481,E04_s3_w23B537F7E-876F-448C-BD4E-CAAD2A5CB2B3.tif,Week4/Week4_27481,E04_s3_w4DB9CA948-877C-4549-906F-159F555D0831.tif,Week4/Week4_27481,Week4_27481,E04,1,tunicamycin,15.0,212,633.2264150943396,134.03582718651214
4,132,E04_s4_w12A88F2EE-E504-4468-AD7F-6FF0105E5D30.tif,Week4/Week4_27481,E04_s4_w276479DBC-3C31-4D16-9C1A-7E839BAD8A79.tif,Week4/Week4_27481,E04_s4_w478660255-29F0-43A5-8DE7-3FB931FED0BF.tif,Week4/Week4_27481,Week4_27481,E04,1,tunicamycin,15.0,111,646.8108108108108,70.1791359325606
4,129,E04_s1_w153AB2C13-22CC-476A-A0CC-4FB7E52DE135.tif,Week4/Week4_27481,E04_s1_w2CAC8C64A-F454-40C8-8A4C-5F250F2E3A40.tif,Week4/Week4_27481,E04_s1_w400185B3D-4192-447E-8B0F-BEE73A196FAB.tif,Week4/Week4_27481,Week4_27481,E04,1,tunicamycin,15.0,206,669.004854368932,130.24236037934668
4,130,E04_s2_w18A2280ED-5DD3-48BE-B155-0E42848FB0C6.tif,Week4/Week4_27481,E04_s2_w295915D95-31C5-4747-A61A-1188D1000A20.tif,Week4/Week4_27481,E04_s2_w40DD291B2-184B-409E-A486-D4D2EF950351.tif,Week4/Week4_27481,Week4_27481,E04,1,tunicamycin,15.0,185,644.6648648648649,116.96522655426766
4,125,E03_s1_w17DFDEB5A-1740-43C8-814D-BD7278D86E4E.tif,Week4/Week4_27481,E03_s1_w2E51DEF0E-74E9-4F6F-AF3B-8F44C1A5BE6F.tif,Week4/Week4_27481,E03_s1_w487730FCF-1C07-4083-A6FE-FE662D334E4E.tif,Week4/Week4_27481,Week4_27481,E03,1,tunicamycin,50.0,10,233.7,6.322444678609063
4,126,E03_s2_w1DAA5AF52-3921-4E59-8684-C23261749D71.tif,Week4/Week4_27481,E03_s2_w25FEA2124-9790-4039-A0B0-358C5AB20D0F.tif,Week4/Week4_27481,E03_s2_w45AB9260A-B1D7-4777-ABB0-1752FDBB97B1.tif,Week4/Week4_27481,Week4_27481,E03,1,tunicamycin,50.0,2,325.5,1.2644889357218125
4,127,E03_s3_w1E1646FF4-31AD-47A5-BCCC-DABA4077EAAA.tif,Week4/Week4_27481,E03_s3_w2D31A3523-FEE0-4311-8B4E-91780B1C25A8.tif,Week4/Week4_27481,E03_s3_w424F8102A-ABD1-41AB-B28A-25FCDFF2E90C.tif,Week4/Week4_27481,Week4_27481,E03,1,tunicamycin,50.0,4,269.75,2.528977871443625
4,128,E03_s4_w1FE6B05F6-40C2-4A61-8805-A906960DFFC1.tif,Week4/Week4_27481,E03_s4_w20A2EE543-76C2-42B5-9AC3-A0303D1A24B2.tif,Week4/Week4_27481,E03_s4_w4CF174CF4-3462-4623-8328-B95490DE2930.tif,Week4/Week4_27481,Week4_27481,E03,1,tunicamycin,50.0,4,265.25,2.528977871443625
4,17,B06_s1_w1DDCAD0AD-B835-4A34-BBCE-EF51E5565BD9.tif,Week4/Week4_27481,B06_s1_w208D2053E-A2B6-48F5-9F43-4FB17AF23DB7.tif,Week4/Week4_27481,B06_s1_w4BF02ED4E-87A3-43B7-B0A3-AD9FD6E02B72.tif,Week4/Week4_27481,Week4_27481,B06,1,anisomycin,0.3,115,810.7217391304348,72.70811380400421
4,18,B06_s2_w19729C5EF-F151-4190-9429-21A3BAE8C9FD.tif,Week4/Week4_27481,B06_s2_w23F3B4C7B-A903-42F0-BA4F-894493879CBB.tif,Week4/Week4_27481,B06_s2_w4FD1B403F-0913-44A7-B23B-9FA820EF20E7.tif,Week4/Week4_27481,Week4_27481,B06,1,anisomycin,0.3,90,746.2111111111111,56.902002107481565
4,19,B06_s3_w1F8655CCD-D52F-4800-B62E-6C3CBBB72A92.tif,Week4/Week4_27481,B06_s3_w2A4F214AE-7FB5-4912-9E8B-9BB57DA94555.tif,Week4/Week4_27481,B06_s3_w478B3FE72-1BFB-4655-85C2-479D3948129C.tif,Week4/Week4_27481,Week4_27481,B06,1,anisomycin,0.3,18,785.6111111111111,11.380400421496313
4,20,B06_s4_w162B3C870-79C7-4BB1-8B1E-7D29DB42A7F6.tif,Week4/Week4_27481,B06_s4_w2D051791F-891A-4A84-A649-6A2138C70DED.tif,Week4/Week4_27481,B06_s4_w4D9DD112A-1735-4197-913D-DCC9D12B97B6.tif,Week4/Week4_27481,Week4_27481,B06,1,anisomycin,0.3,97,800.0721649484536,61.32771338250791
4,13,B05_s1_w17039A0FC-DDE5-468B-BEC3-EBC7F4B71EA5.tif,Week4/Week4_27481,B05_s1_w268F188E5-2213-4C89-8A96-6D73C922C429.tif,Week4/Week4_27481,B05_s1_w4F6EF4438-A5B7-4F60-82FB-7BB1F8D73709.tif,Week4/Week4_27481,Week4_27481,B05,1,anisomycin,1.0,75,795.8933333333333,47.41833508956797
4,14,B05_s2_w1BE82118E-2BB7-44A4-B3E3-889E5CAEB1D8.tif,Week4/Week4_27481,B05_s2_w2ACC200A1-B14D-457D-BFF3-C2FF04D453D1.tif,Week4/Week4_27481,B05_s2_w4A5829841-CE07-4744-AEA7-211DFE389440.tif,Week4/Week4_27481,Week4_27481,B05,1,anisomycin,1.0,79,654.7088607594936,49.94731296101159
4,15,B05_s3_w153EB5ACC-5DEF-4271-9C0D-7EB489EF797E.tif,Week4/Week4_27481,B05_s3_w23A3EBAAC-7671-4F27-927E-4953087DDEB0.tif,Week4/Week4_27481,B05_s3_w4F542E54B-9D3D-4F28-8EDC-A1BFF502A5A2.tif,Week4/Week4_27481,Week4_27481,B05,1,anisomycin,1.0,14,924.0714285714286,8.851422550052687
4,16,B05_s4_w133899161-0AD3-481D-B55A-2C2C15E6D914.tif,Week4/Week4_27481,B05_s4_w2553266E3-A856-4420-9F57-E0B0CB108EE4.tif,Week4/Week4_27481,B05_s4_w480B50AC4-34D8-47B7-907A-3573A413CD38.tif,Week4/Week4_27481,Week4_27481,B05,1,anisomycin,1.0,35,919.9428571428572,22.12855637513172
4,1,B02_s1_w1FDD9356D-FF65-44C5-8B07-6BEC430F6014.tif,Week4/Week4_27481,B02_s1_w256A6DCC8-7235-4DEA-97E5-DEB12E4AF620.tif,Week4/Week4_27481,B02_s1_w472FCB472-9C58-431B-9072-E7EC4C0A723E.tif,Week4/Week4_27481,Week4_27481,B02,1,DMSO,0.0,210,804.9619047619047,132.7713382507903
4,2,B02_s2_w1E728D3CA-2152-49A6-AD0E-B24D6089C18B.tif,Week4/Week4_27481,B02_s2_w28464402F-1FC9-4DDA-9101-82D368FF7DE5.tif,Week4/Week4_27481,B02_s2_w4E504EF1E-D17D-4A56-95C4-08A032694276.tif,Week4/Week4_27481,Week4_27481,B02,1,DMSO,0.0,300,791.4266666666666,189.67334035827187
4,3,B02_s3_w163EBC7C9-2C15-4D4A-AA4D-64D94CF89087.tif,Week4/Week4_27481,B02_s3_w2B41A62DC-D9F7-4891-AE88-370BCF80C2FA.tif,Week4/Week4_27481,B02_s3_w494206E18-8CA6-487A-9DB7-2BABD0145476.tif,Week4/Week4_27481,Week4_27481,B02,1,DMSO,0.0,273,840.5311355311355,172.6027397260274
4,4,B02_s4_w1620181EC-5FE3-43BC-80CC-1D0EF4FE12E1.tif,Week4/Week4_27481,B02_s4_w2057EA0FE-2FF7-46CC-B0C7-375ABA6392A7.tif,Week4/Week4_27481,B02_s4_w4E4C3D1F3-2915-446B-BE6E-917134ED7C56.tif,Week4/Week4_27481,Week4_27481,B02,1,DMSO,0.0,239,848.8786610878661,151.1064278187566
4,41,C02_s1_w1C80B6F64-B6C8-4D71-9E44-01DD2C39C44F.tif,Week4/Week4_27481,C02_s1_w2E76BF4D4-DBCD-45EC-BCA5-0496E20547A8.tif,Week4/Week4_27481,C02_s1_w4789E35AA-4624-43F7-B9FD-C8F54B7D4E85.tif,Week4/Week4_27481,Week4_27481,C02,1,DMSO,0.0,347,811.2305475504322,219.38883034773448
4,42,C02_s2_w17413FDCA-D6B3-446A-9D9E-B802A188CC8E.tif,Week4/Week4_27481,C02_s2_w2D1540E5D-0247-457A-A363-4A27C7BFE30D.tif,Week4/Week4_27481,C02_s2_w40211D59A-5624-4920-96B1-9748F8979988.tif,Week4/Week4_27481,Week4_27481,C02,1,DMSO,0.0,195,784.0974358974358,123.28767123287672
4,43,C02_s3_w1B86FA5D5-D643-4490-BB2B-A42675827B41.tif,Week4/Week4_27481,C02_s3_w299EFD08B-7B43-47B9-B4F7-99EEDE531B1E.tif,Week4/Week4_27481,C02_s3_w40517029A-0B58-483F-AAAA-1D5EFCCD45C9.tif,Week4/Week4_27481,Week4_27481,C02,1,DMSO,0.0,164,732.1829268292682,103.68809272918863
4,44,C02_s4_w12D30BD43-27A7-4D16-B145-FDEF8F9941B5.tif,Week4/Week4_27481,C02_s4_w239E8EC90-34AB-4C0A-8565-FB74EBD09C62.tif,Week4/Week4_27481,C02_s4_w4F3C8AC23-8098-4C50-A0CB-31E2C11BDB04.tif,Week4/Week4_27481,Week4_27481,C02,1,DMSO,0.0,175,777.36,110.64278187565859
4,81,D02_s1_w11451D65D-83BF-4E9F-9CDC-AEE17CCDEF3A.tif,Week4/Week4_27481,D02_s1_w222069330-0783-479F-B3F9-156EC56B0F85.tif,Week4/Week4_27481,D02_s1_w4118805A2-21A8-4998-BCEE-B6EEB310649B.tif,Week4/Week4_27481,Week4_27481,D02,1,DMSO,0.0,276,760.8586956521739,174.49947312961012
4,82,D02_s2_w18C04D4A2-1FBC-40BF-AAED-9D4BBFED1A44.tif,Week4/Week4_27481,D02_s2_w21AEF52BB-AE86-48BB-A27B-B0D87401BE9D.tif,Week4/Week4_27481,D02_s2_w46E15A2A0-0BF0-48A9-91B5-71D48E3C545B.tif,Week4/Week4_27481,Week4_27481,D02,1,DMSO,0.0,252,770.0873015873016,159.32560590094837
4,83,D02_s3_w159A9106D-BA57-4F72-AF4E-CFF8995D174E.tif,Week4/Week4_27481,D02_s3_w245D8499C-5D69-411B-95CF-D140875B3196.tif,Week4/Week4_27481,D02_s3_w4E506D194-87A1-4C92-9D52-1F4DB2AE454D.tif,Week4/Week4_27481,Week4_27481,D02,1,DMSO,0.0,64,708.828125,40.463645943098
4,84,D02_s4_w182200647-A68B-4A00-B88A-AF0706221B0A.tif,Week4/Week4_27481,D02_s4_w2E47321EA-A484-4E3B-9791-35ADE9A31F2E.tif,Week4/Week4_27481,D02_s4_w4050CD629-C87E-4077-BCB3-0FF56F744F47.tif,Week4/Week4_27481,Week4_27481,D02,1,DMSO,0.0,219,804.5479452054794,138.46153846153848
4,157,E11_s1_w17EA21DFC-FC58-40D1-B4C3-06340BB5ED08.tif,Week4/Week4_27481,E11_s1_w2BC2EDBB4-BDC8-44CB-BB8F-4A0D1B27FB26.tif,Week4/Week4_27481,E11_s1_w4D9D4F019-757B-4A02-B787-5F4E174E7A9C.tif,Week4/Week4_27481,Week4_27481,E11,1,DMSO,0.0,61,745.1803278688525,38.56691253951528
4,158,E11_s2_w184C8C1C7-93AE-434B-91AB-91261678FAF6.tif,Week4/Week4_27481,E11_s2_w21ABAE79A-37F1-44E6-8803-FF1A32F2A27A.tif,Week4/Week4_27481,E11_s2_w4171EEDEF-0CAD-4C8C-B5A4-4C684F89752C.tif,Week4/Week4_27481,Week4_27481,E11,1,DMSO,0.0,109,748.7339449541284,68.91464699683878
4,159,E11_s3_w100BEEEDC-79E8-4C9F-8C3A-F6F5593F4E9F.tif,Week4/Week4_27481,E11_s3_w2FF43332F-26E9-4224-BD4D-85AA042BE917.tif,Week4/Week4_27481,E11_s3_w40884F4D8-9E98-4C07-A6E6-075300C6851B.tif,Week4/Week4_27481,Week4_27481,E11,1,DMSO,0.0,79,737.506329113924,49.94731296101159
4,160,E11_s4_w1D3DD66CE-6502-47AF-8531-E34732543ECA.tif,Week4/Week4_27481,E11_s4_w24D07C2D5-1C7A-4761-9F26-1729AD355349.tif,Week4/Week4_27481,E11_s4_w4BFA9F0F4-1F82-49AB-9BB2-E7823A92F2BB.tif,Week4/Week4_27481,Week4_27481,E11,1,DMSO,0.0,63,727.5873015873016,39.831401475237094
4,197,F11_s1_w10EDFB243-04FA-47C5-9285-4F0B5E80B689.tif,Week4/Week4_27481,F11_s1_w2DBB5949C-5D7A-47D8-AE5D-DE13B265D0EE.tif,Week4/Week4_27481,F11_s1_w4E1A640DF-21CF-4DB4-96C9-CADA287421C3.tif,Week4/Week4_27481,Week4_27481,F11,1,DMSO,0.0,29,738.0,18.335089567966282
4,198,F11_s2_w19F5FC6EA-A50C-4EA5-BCD0-2FAF6187FF0D.tif,Week4/Week4_27481,F11_s2_w202C3AFD1-08ED-4C22-B48C-0C2A33B6E74E.tif,Week4/Week4_27481,F11_s2_w47E9F21FE-BCD0-431D-BA4D-B4DEFAAAE14A.tif,Week4/Week4_27481,Week4_27481,F11,1,DMSO,0.0,147,782.3673469387755,92.93993677555322
4,199,F11_s3_w1A4AEEA3F-3560-42B6-8FC8-EC64AAAD24CB.tif,Week4/Week4_27481,F11_s3_w2757781EB-A54A-4379-A267-A19D62771C13.tif,Week4/Week4_27481,F11_s3_w40AA68246-DC5D-4B4E-B5E5-BF7FC51A6C0E.tif,Week4/Week4_27481,Week4_27481,F11,1,DMSO,0.0,104,781.2788461538462,65.75342465753425
4,200,F11_s4_w16E9FF291-D2C4-48E3-B076-CBD2A71FE95D.tif,Week4/Week4_27481,F11_s4_w2CFBCFB74-CDF8-4092-8CB9-D2523DA1A666.tif,Week4/Week4_27481,F11_s4_w49AE7717D-00D7-41C3-B957-3C1D8F18BDB5.tif,Week4/Week4_27481,Week4_27481,F11,1,DMSO,0.0,196,821.9489795918367,123.91991570073762
4,237,G11_s1_w10B21CB3A-FA14-4BDE-9AB5-C451CE1CE37F.tif,Week4/Week4_27481,G11_s1_w2944725EF-5DD3-4DDF-A1EA-B7554A8E6DBF.tif,Week4/Week4_27481,G11_s1_w4D45926BC-0133-45FB-A704-F9F8A4C079D4.tif,Week4/Week4_27481,Week4_27481,G11,1,DMSO,0.0,75,756.2533333333333,47.41833508956797
4,238,G11_s2_w1616464CC-9B2D-4FB3-A558-B1B4E9D22602.tif,Week4/Week4_27481,G11_s2_w2A755B0CC-7C40-4B4E-AF9D-1C91B24A4697.tif,Week4/Week4_27481,G11_s2_w4B521F340-D324-4025-9028-42908653B5EE.tif,Week4/Week4_27481,Week4_27481,G11,1,DMSO,0.0,39,712.0769230769231,24.657534246575345
4,239,G11_s3_w1FCA6211F-3C16-436C-B21B-0C3EFA2504A7.tif,Week4/Week4_27481,G11_s3_w28A05C087-F79B-4196-B674-F60057A80E90.tif,Week4/Week4_27481,G11_s3_w43102E727-0325-4F83-B815-53F18F2234A9.tif,Week4/Week4_27481,Week4_27481,G11,1,DMSO,0.0,106,773.188679245283,67.01791359325607
4,240,G11_s4_w14D923D8A-F1E3-455A-8EDF-A62210FB71C8.tif,Week4/Week4_27481,G11_s4_w286524686-5C3B-48E2-81DD-5C514E59D854.tif,Week4/Week4_27481,G11_s4_w4D85AD0F8-840C-4893-8A23-002AD76363D9.tif,Week4/Week4_27481,Week4_27481,G11,1,DMSO,0.0,74,732.5945945945946,46.78609062170706
